Filename,QueryID,TP,TN,FP,FN,Total,Accuracy(%)
scores_eucli_00056.csv,00056,4,6537,1457,1,7999,81.77
scores_eucli_00058.csv,00058,3,5992,1999,5,7999,74.95
scores_eucli_00059.csv,00059,4,4292,3699,4,7999,53.71
scores_eucli_00061.csv,00061,4,6326,1665,4,7999,79.13
scores_eucli_00062.csv,00062,4,4782,3209,4,7999,59.83
scores_eucli_00065.csv,00065,3,7931,60,5,7999,99.19
scores_eucli_00067.csv,00067,0,7953,38,8,7999,99.42
scores_eucli_00068.csv,00068,4,6729,1262,4,7999,84.17
scores_eucli_00070.csv,00070,4,6663,1328,4,7999,83.35
scores_eucli_00071.csv,00071,5,6263,1728,3,7999,78.36
scores_eucli_00072.csv,00072,4,7746,245,4,7999,96.89
scores_eucli_00077.csv,00077,3,6482,1509,5,7999,81.07
scores_eucli_00078.csv,00078,2,7988,3,6,7999,99.89
scores_eucli_00080.csv,00080,3,4338,3653,5,7999,54.27
scores_eucli_00082.csv,00082,6,5204,2787,2,7999,65.13
scores_eucli_00083.csv,00083,6,5870,2121,2,7999,73.46
scores_eucli_00086.csv,00086,4,7982,9,4,7999,99.84
scores_eucli_00087.csv,00087,2,7949,44,4,7999,99.4
scores_eucli_00088.csv,00088,3,6952,1039,5,7999,86.95
scores_eucli_00089.csv,00089,3,6448,1543,5,7999,80.65
scores_eucli_00090.csv,00090,1,7991,0,7,7999,99.91
scores_eucli_00091.csv,00091,4,7824,167,4,7999,97.86
scores_eucli_00092.csv,00092,3,7713,278,5,7999,96.46
scores_eucli_00093.csv,00093,5,5457,2534,3,7999,68.28
scores_eucli_00094.csv,00094,2,7709,282,6,7999,96.4
scores_eucli_00095.csv,00095,2,7986,5,6,7999,99.86
scores_eucli_00096.csv,00096,1,7605,386,7,7999,95.09
scores_eucli_00097.csv,00097,7,4524,3467,1,7999,56.64
scores_eucli_00098.csv,00098,2,6458,1533,6,7999,80.76
scores_eucli_00099.csv,00099,1,7194,797,7,7999,89.95
scores_eucli_00101.csv,00101,2,5575,2416,6,7999,69.72
scores_eucli_00102.csv,00102,3,7712,279,5,7999,96.45
scores_eucli_00105.csv,00105,4,5684,2307,4,7999,71.11
scores_eucli_00106.csv,00106,4,4953,3038,4,7999,61.97
scores_eucli_00108.csv,00108,1,7859,132,7,7999,98.26
scores_eucli_00111.csv,00111,3,7347,644,5,7999,91.89
scores_eucli_00112.csv,00112,5,5411,2580,3,7999,67.71
scores_eucli_00113.csv,00113,3,7186,805,5,7999,89.87
scores_eucli_00114.csv,00114,2,7473,518,6,7999,93.45
scores_eucli_00115.csv,00115,6,6433,1558,2,7999,80.5
scores_eucli_00116.csv,00116,1,7976,15,7,7999,99.72
scores_eucli_00118.csv,00118,3,7991,0,5,7999,99.94
scores_eucli_00119.csv,00119,3,6513,1478,5,7999,81.46
scores_eucli_00120.csv,00120,3,5955,2036,5,7999,74.48
scores_eucli_00121.csv,00121,6,4545,3446,2,7999,56.89
scores_eucli_00122.csv,00122,2,6740,1251,6,7999,84.29
scores_eucli_00124.csv,00124,0,7990,1,8,7999,99.89
scores_eucli_00127.csv,00127,3,7029,962,5,7999,87.91
scores_eucli_00128.csv,00128,0,7910,82,7,7999,98.89
scores_eucli_00129.csv,00129,2,7865,126,6,7999,98.35
scores_eucli_00130.csv,00130,1,7828,163,7,7999,97.87
scores_eucli_00131.csv,00131,2,7624,367,6,7999,95.34
scores_eucli_00132.csv,00132,0,7989,2,8,7999,99.87
scores_eucli_00133.csv,00133,6,6413,1578,2,7999,80.25
scores_eucli_00134.csv,00134,6,5449,2542,2,7999,68.2
scores_eucli_00135.csv,00135,0,7975,16,8,7999,99.7
scores_eucli_00136.csv,00136,0,6736,1255,8,7999,84.21
scores_eucli_00137.csv,00137,7,5588,2403,1,7999,69.95
scores_eucli_00139.csv,00139,5,7840,151,3,7999,98.07
scores_eucli_00140.csv,00140,1,6690,1301,7,7999,83.65
scores_eucli_00141.csv,00141,3,7520,471,5,7999,94.05
scores_eucli_00142.csv,00142,1,7990,2,6,7999,99.9
scores_eucli_00143.csv,00143,8,6329,1662,0,7999,79.22
scores_eucli_00144.csv,00144,3,7849,142,5,7999,98.16
scores_eucli_00145.csv,00145,7,5636,2355,1,7999,70.55
scores_eucli_00146.csv,00146,5,5411,2580,3,7999,67.71
scores_eucli_00147.csv,00147,4,4627,3364,4,7999,57.89
scores_eucli_00148.csv,00148,3,6174,1817,5,7999,77.22
scores_eucli_00149.csv,00149,4,7053,938,4,7999,88.22
scores_eucli_00150.csv,00150,3,5291,2700,5,7999,66.18
scores_eucli_00151.csv,00151,0,7955,36,8,7999,99.45
scores_eucli_00152.csv,00152,3,5771,2220,5,7999,72.18
scores_eucli_00153.csv,00153,5,5742,2249,3,7999,71.85
scores_eucli_00154.csv,00154,7,5820,2171,1,7999,72.85
scores_eucli_00155.csv,00155,6,5510,2481,2,7999,68.96
scores_eucli_00157.csv,00157,5,7126,865,3,7999,89.15
scores_eucli_00158.csv,00158,0,7905,86,8,7999,98.82
scores_eucli_00159.csv,00159,6,6797,1194,2,7999,85.05
scores_eucli_00160.csv,00160,3,7480,511,5,7999,93.55
scores_eucli_00161.csv,00161,7,7096,895,1,7999,88.8
scores_eucli_00163.csv,00163,3,6832,1159,5,7999,85.45
scores_eucli_00164.csv,00164,4,6291,1700,4,7999,78.7
scores_eucli_00165.csv,00165,3,6679,1312,5,7999,83.54
scores_eucli_00166.csv,00166,4,7985,6,4,7999,99.87
scores_eucli_00167.csv,00167,1,7952,39,7,7999,99.42
scores_eucli_00168.csv,00168,3,5276,2715,5,7999,66.0
scores_eucli_00169.csv,00169,3,6330,1661,5,7999,79.17
scores_eucli_00170.csv,00170,5,4734,3257,3,7999,59.24
scores_eucli_00171.csv,00171,6,4917,3074,2,7999,61.55
scores_eucli_00172.csv,00172,5,4950,3041,3,7999,61.95
scores_eucli_00173.csv,00173,5,5209,2782,3,7999,65.18
scores_eucli_00174.csv,00174,0,7991,0,8,7999,99.9
scores_eucli_00175.csv,00175,4,6318,1673,4,7999,79.03
scores_eucli_00176.csv,00176,8,5402,2589,0,7999,67.63
scores_eucli_00177.csv,00177,8,4761,3230,0,7999,59.62
scores_eucli_00178.csv,00178,3,7199,792,5,7999,90.04
scores_eucli_00180.csv,00180,6,5654,2337,2,7999,70.76
scores_eucli_00181.csv,00181,4,7546,445,4,7999,94.39
scores_eucli_00182.csv,00182,5,5635,2356,3,7999,70.51
scores_eucli_00183.csv,00183,4,5310,2681,4,7999,66.43
scores_eucli_00184.csv,00184,3,5784,2207,5,7999,72.35
scores_eucli_00185.csv,00185,4,4728,3263,4,7999,59.16
scores_eucli_00186.csv,00186,8,5778,2213,0,7999,72.33
scores_eucli_00187.csv,00187,3,6394,1597,5,7999,79.97
scores_eucli_00188.csv,00188,4,5672,2319,4,7999,70.96
scores_eucli_00189.csv,00189,2,7990,1,6,7999,99.91
scores_eucli_00190.csv,00190,5,7975,16,3,7999,99.76
scores_eucli_00191.csv,00191,8,6196,1795,0,7999,77.56
scores_eucli_00193.csv,00193,5,7654,337,3,7999,95.75
scores_eucli_00194.csv,00194,6,5117,2874,2,7999,64.05
scores_eucli_00195.csv,00195,1,6383,1608,7,7999,79.81
scores_eucli_00197.csv,00197,7,6650,1341,1,7999,83.22
scores_eucli_00198.csv,00198,3,6097,1894,5,7999,76.26
scores_eucli_00199.csv,00199,5,7275,716,3,7999,91.01
scores_eucli_00200.csv,00200,2,7964,27,6,7999,99.59
scores_eucli_00201.csv,00201,3,7703,288,5,7999,96.34
scores_eucli_00202.csv,00202,1,5755,2236,7,7999,71.96
scores_eucli_00203.csv,00203,4,4454,3537,4,7999,55.73
scores_eucli_00205.csv,00205,2,6950,1041,6,7999,86.91
scores_eucli_00206.csv,00206,8,7648,343,0,7999,95.71
scores_eucli_00207.csv,00207,6,6078,1913,2,7999,76.06
scores_eucli_00208.csv,00208,8,6274,1717,0,7999,78.53
scores_eucli_00209.csv,00209,8,7163,828,0,7999,89.65
scores_eucli_00210.csv,00210,4,7846,145,4,7999,98.14
scores_eucli_00211.csv,00211,3,6443,1548,5,7999,80.59
scores_eucli_00212.csv,00212,6,6303,1688,2,7999,78.87
scores_eucli_00213.csv,00213,4,7915,76,4,7999,99.0
scores_eucli_00214.csv,00214,4,5910,2081,4,7999,73.93
scores_eucli_00215.csv,00215,1,7986,5,7,7999,99.85
scores_eucli_00216.csv,00216,3,7977,14,5,7999,99.76
scores_eucli_00217.csv,00217,3,4616,3375,5,7999,57.74
scores_eucli_00218.csv,00218,2,7601,390,6,7999,95.05
scores_eucli_00219.csv,00219,4,7007,984,4,7999,87.65
scores_eucli_00220.csv,00220,4,7465,526,4,7999,93.37
scores_eucli_00221.csv,00221,1,7762,229,7,7999,97.05
scores_eucli_00223.csv,00223,6,6081,1910,2,7999,76.1
scores_eucli_00224.csv,00224,0,7986,5,8,7999,99.84
scores_eucli_00225.csv,00225,2,7147,844,6,7999,89.37
scores_eucli_00227.csv,00227,5,7990,1,3,7999,99.95
scores_eucli_00228.csv,00228,3,7989,2,5,7999,99.91
scores_eucli_00229.csv,00229,5,6737,1254,3,7999,84.29
scores_eucli_00230.csv,00230,5,6650,1341,3,7999,83.2
scores_eucli_00231.csv,00231,8,4016,3975,0,7999,50.31
scores_eucli_00232.csv,00232,7,6611,1380,1,7999,82.74
scores_eucli_00235.csv,00235,8,5584,2407,0,7999,69.91
scores_eucli_00236.csv,00236,5,5676,2315,3,7999,71.02
scores_eucli_00237.csv,00237,4,5634,2357,4,7999,70.48
scores_eucli_00238.csv,00238,5,6138,1853,3,7999,76.8
scores_eucli_00239.csv,00239,4,7647,344,4,7999,95.65
scores_eucli_00240.csv,00240,7,5515,2476,1,7999,69.03
scores_eucli_00241.csv,00241,5,5566,2425,3,7999,69.65
scores_eucli_00242.csv,00242,4,5318,2673,4,7999,66.53
scores_eucli_00243.csv,00243,2,7935,56,6,7999,99.22
scores_eucli_00244.csv,00244,3,5467,2524,5,7999,68.38
scores_eucli_00245.csv,00245,1,7951,40,7,7999,99.41
scores_eucli_00246.csv,00246,7,4720,3271,1,7999,59.09
scores_eucli_00247.csv,00247,5,4549,3442,3,7999,56.93
scores_eucli_00248.csv,00248,5,5809,2182,3,7999,72.68
scores_eucli_00249.csv,00249,5,6422,1569,3,7999,80.35
scores_eucli_00250.csv,00250,7,5645,2346,1,7999,70.66
scores_eucli_00251.csv,00251,4,5934,2057,4,7999,74.23
scores_eucli_00252.csv,00252,4,4555,3436,4,7999,56.99
scores_eucli_00253.csv,00253,5,6218,1773,3,7999,77.8
scores_eucli_00254.csv,00254,3,6625,1366,5,7999,82.86
scores_eucli_00255.csv,00255,4,4567,3424,4,7999,57.14
scores_eucli_00256.csv,00256,5,6349,1642,3,7999,79.43
scores_eucli_00257.csv,00257,5,5740,2251,3,7999,71.82
scores_eucli_00258.csv,00258,6,7327,664,2,7999,91.67
scores_eucli_00259.csv,00259,4,6139,1852,4,7999,76.8
scores_eucli_00260.csv,00260,4,7679,312,4,7999,96.05
scores_eucli_00261.csv,00261,2,6174,1817,6,7999,77.21
scores_eucli_00262.csv,00262,2,7506,485,6,7999,93.86
scores_eucli_00263.csv,00263,1,7965,26,7,7999,99.59
scores_eucli_00265.csv,00265,4,6946,1045,4,7999,86.89
scores_eucli_00267.csv,00267,1,7979,12,7,7999,99.76
scores_eucli_00269.csv,00269,1,7873,118,7,7999,98.44
scores_eucli_00270.csv,00270,2,7941,50,6,7999,99.3
scores_eucli_00271.csv,00271,6,5347,2644,2,7999,66.92
scores_eucli_00272.csv,00272,0,7988,3,8,7999,99.86
scores_eucli_00273.csv,00273,4,6542,1449,4,7999,81.84
scores_eucli_00274.csv,00274,8,4502,3489,0,7999,56.38
scores_eucli_00275.csv,00275,6,5644,2347,2,7999,70.63
scores_eucli_00276.csv,00276,3,6636,1355,5,7999,83.0
scores_eucli_00277.csv,00277,4,7971,20,4,7999,99.7
scores_eucli_00278.csv,00278,3,7754,237,5,7999,96.97
scores_eucli_00279.csv,00279,3,5606,2385,5,7999,70.12
scores_eucli_00281.csv,00281,2,6441,1550,6,7999,80.55
scores_eucli_00282.csv,00282,7,6362,1629,1,7999,79.62
scores_eucli_00283.csv,00283,6,4447,3544,2,7999,55.67
scores_eucli_00284.csv,00284,6,7016,975,2,7999,87.79
scores_eucli_00285.csv,00285,3,4999,2992,5,7999,62.53
scores_eucli_00286.csv,00286,5,6372,1619,3,7999,79.72
scores_eucli_00288.csv,00288,4,5142,2849,4,7999,64.33
scores_eucli_00289.csv,00289,7,5603,2388,1,7999,70.13
scores_eucli_00290.csv,00290,6,4221,3770,2,7999,52.84
scores_eucli_00291.csv,00291,3,7960,31,5,7999,99.55
scores_eucli_00292.csv,00292,5,6047,1944,3,7999,75.66
scores_eucli_00293.csv,00293,4,7818,173,4,7999,97.79
scores_eucli_00294.csv,00294,7,6850,1141,1,7999,85.72
scores_eucli_00295.csv,00295,0,7986,5,8,7999,99.84
scores_eucli_00296.csv,00296,0,7960,31,8,7999,99.51
scores_eucli_00297.csv,00297,5,7596,395,3,7999,95.02
scores_eucli_00298.csv,00298,5,7378,613,3,7999,92.3
scores_eucli_00299.csv,00299,7,5152,2839,1,7999,64.5
scores_eucli_00300.csv,00300,7,6068,1923,1,7999,75.95
scores_eucli_00301.csv,00301,0,7733,258,8,7999,96.67
scores_eucli_00302.csv,00302,5,4460,3531,3,7999,55.82
scores_eucli_00303.csv,00303,6,5957,2034,2,7999,74.55
scores_eucli_00304.csv,00304,5,7220,771,3,7999,90.32
scores_eucli_00305.csv,00305,6,5666,2325,2,7999,70.91
scores_eucli_00306.csv,00306,6,7349,642,2,7999,91.95
scores_eucli_00307.csv,00307,6,6028,1963,2,7999,75.43
scores_eucli_00308.csv,00308,2,6752,1239,6,7999,84.44
scores_eucli_00309.csv,00309,4,7492,499,4,7999,93.71
scores_eucli_00310.csv,00310,0,7910,81,8,7999,98.89
scores_eucli_00311.csv,00311,0,7681,310,8,7999,96.02
scores_eucli_00312.csv,00312,4,7988,3,4,7999,99.91
scores_eucli_00313.csv,00313,0,7920,71,8,7999,99.01
scores_eucli_00314.csv,00314,4,7985,6,4,7999,99.87
scores_eucli_00315.csv,00315,3,7987,4,5,7999,99.89
scores_eucli_00316.csv,00316,3,5680,2311,5,7999,71.05
scores_eucli_00317.csv,00317,3,6754,1237,5,7999,84.47
scores_eucli_00318.csv,00318,3,6202,1789,5,7999,77.57
scores_eucli_00319.csv,00319,2,7003,988,6,7999,87.57
scores_eucli_00320.csv,00320,3,5927,2064,5,7999,74.13
scores_eucli_00321.csv,00321,1,7943,48,7,7999,99.31
scores_eucli_00322.csv,00322,1,7937,54,7,7999,99.24
scores_eucli_00323.csv,00323,1,4993,2998,7,7999,62.43
scores_eucli_00324.csv,00324,1,7851,140,7,7999,98.16
scores_eucli_00325.csv,00325,1,7977,14,7,7999,99.74
scores_eucli_00326.csv,00326,0,7990,1,8,7999,99.89
scores_eucli_00327.csv,00327,2,6321,1670,6,7999,79.05
scores_eucli_00328.csv,00328,2,7959,32,6,7999,99.52
scores_eucli_00329.csv,00329,5,5588,2403,3,7999,69.92
scores_eucli_00330.csv,00330,4,4801,3190,4,7999,60.07
scores_eucli_00331.csv,00331,0,7991,0,8,7999,99.9
scores_eucli_00332.csv,00332,0,7440,551,8,7999,93.01
scores_eucli_00333.csv,00333,0,6625,1366,8,7999,82.82
scores_eucli_00334.csv,00334,3,6352,1639,5,7999,79.45
scores_eucli_00335.csv,00335,4,6525,1466,4,7999,81.62
scores_eucli_00336.csv,00336,3,7830,161,5,7999,97.92
scores_eucli_00337.csv,00337,7,4944,3047,1,7999,61.9
scores_eucli_00338.csv,00338,5,4856,3135,3,7999,60.77
scores_eucli_00339.csv,00339,3,6627,1364,5,7999,82.89
scores_eucli_00340.csv,00340,5,4717,3274,3,7999,59.03
scores_eucli_00341.csv,00341,4,7732,259,4,7999,96.71
scores_eucli_00342.csv,00342,0,7991,0,8,7999,99.9
scores_eucli_00343.csv,00343,1,7991,0,7,7999,99.91
scores_eucli_00344.csv,00344,3,7973,18,5,7999,99.71
scores_eucli_00345.csv,00345,0,7960,31,8,7999,99.51
scores_eucli_00346.csv,00346,1,7991,0,7,7999,99.91
scores_eucli_00347.csv,00347,3,7711,280,5,7999,96.44
scores_eucli_00348.csv,00348,4,4276,3715,4,7999,53.51
scores_eucli_00349.csv,00349,6,6090,1901,2,7999,76.21
scores_eucli_00350.csv,00350,6,7593,398,2,7999,95.0
scores_eucli_00351.csv,00351,7,7326,665,1,7999,91.67
scores_eucli_00352.csv,00352,0,6299,1692,8,7999,78.75
scores_eucli_00353.csv,00353,2,5664,2327,6,7999,70.83
scores_eucli_00354.csv,00354,1,7978,13,7,7999,99.75
scores_eucli_00355.csv,00355,5,5217,2774,3,7999,65.28
scores_eucli_00356.csv,00356,2,7950,41,6,7999,99.41
scores_eucli_00357.csv,00357,4,7750,241,4,7999,96.94
scores_eucli_00358.csv,00358,2,7858,133,6,7999,98.26
scores_eucli_00359.csv,00359,4,7285,706,4,7999,91.12
scores_eucli_00360.csv,00360,1,7886,105,7,7999,98.6
scores_eucli_00361.csv,00361,1,7984,7,7,7999,99.82
scores_eucli_00362.csv,00362,1,7818,173,7,7999,97.75
scores_eucli_00363.csv,00363,6,4431,3560,2,7999,55.47
scores_eucli_00364.csv,00364,4,7150,841,4,7999,89.44
scores_eucli_00365.csv,00365,1,7926,65,7,7999,99.1
scores_eucli_00366.csv,00366,2,7016,975,6,7999,87.74
scores_eucli_00367.csv,00367,5,5844,2147,3,7999,73.12
scores_eucli_00368.csv,00368,6,7843,148,2,7999,98.12
scores_eucli_00369.csv,00369,1,7970,21,7,7999,99.65
scores_eucli_00370.csv,00370,5,6514,1477,3,7999,81.5
scores_eucli_00371.csv,00371,2,7936,55,6,7999,99.24
scores_eucli_00372.csv,00372,1,6987,1004,7,7999,87.36
scores_eucli_00373.csv,00373,1,7948,43,7,7999,99.37
scores_eucli_00374.csv,00374,3,6927,1064,5,7999,86.64
scores_eucli_00375.csv,00375,0,7990,1,8,7999,99.89
scores_eucli_00376.csv,00376,6,6549,1442,2,7999,81.95
scores_eucli_00377.csv,00377,1,7984,7,7,7999,99.82
scores_eucli_00379.csv,00379,0,7989,2,8,7999,99.87
scores_eucli_00380.csv,00380,1,7990,1,7,7999,99.9
scores_eucli_00381.csv,00381,5,7173,818,3,7999,89.74
scores_eucli_00382.csv,00382,1,7971,20,7,7999,99.66
scores_eucli_00383.csv,00383,1,7991,0,7,7999,99.91
scores_eucli_00384.csv,00384,4,4937,3054,4,7999,61.77
scores_eucli_00385.csv,00385,2,6773,1218,6,7999,84.7
scores_eucli_00386.csv,00386,1,7990,1,7,7999,99.9
scores_eucli_00387.csv,00387,1,7991,0,7,7999,99.91
scores_eucli_00388.csv,00388,0,7971,20,8,7999,99.65
scores_eucli_00389.csv,00389,0,7990,1,8,7999,99.89
scores_eucli_00390.csv,00390,0,7989,2,8,7999,99.87
scores_eucli_00391.csv,00391,4,6308,1683,4,7999,78.91
scores_eucli_00392.csv,00392,2,6999,992,6,7999,87.52
scores_eucli_00393.csv,00393,3,7809,182,5,7999,97.66
scores_eucli_00394.csv,00394,1,7618,373,7,7999,95.25
scores_eucli_00395.csv,00395,2,6785,1206,6,7999,84.85
scores_eucli_00396.csv,00396,4,5255,2736,4,7999,65.75
scores_eucli_00397.csv,00397,0,7582,409,8,7999,94.79
scores_eucli_00398.csv,00398,0,7985,6,8,7999,99.82
scores_eucli_00399.csv,00399,2,6213,1778,6,7999,77.7
scores_eucli_00400.csv,00400,4,5248,2743,4,7999,65.66
scores_eucli_00401.csv,00401,7,5882,2109,1,7999,73.62
scores_eucli_00402.csv,00402,4,7949,42,4,7999,99.42
scores_eucli_00403.csv,00403,7,5301,2690,1,7999,66.36
scores_eucli_00404.csv,00404,3,5977,2014,5,7999,74.76
scores_eucli_00405.csv,00405,5,5625,2366,3,7999,70.38
scores_eucli_00406.csv,00406,2,7947,44,6,7999,99.37
scores_eucli_00407.csv,00407,3,7978,13,5,7999,99.77
scores_eucli_00408.csv,00408,1,7981,10,7,7999,99.79
scores_eucli_00409.csv,00409,3,4794,3197,5,7999,59.97
scores_eucli_00410.csv,00410,2,7353,638,6,7999,91.95
scores_eucli_00411.csv,00411,2,6493,1498,6,7999,81.2
scores_eucli_00412.csv,00412,4,7990,1,4,7999,99.94
scores_eucli_00413.csv,00413,1,7943,48,7,7999,99.31
scores_eucli_00414.csv,00414,6,7913,78,2,7999,99.0
scores_eucli_00415.csv,00415,8,5019,2972,0,7999,62.85
scores_eucli_00417.csv,00417,1,7991,0,7,7999,99.91
scores_eucli_00418.csv,00418,0,7982,9,8,7999,99.79
scores_eucli_00419.csv,00419,2,7989,2,6,7999,99.9
scores_eucli_00420.csv,00420,4,5167,2824,4,7999,64.65
scores_eucli_00421.csv,00421,3,6896,1095,5,7999,86.25
scores_eucli_00422.csv,00422,0,7945,46,8,7999,99.32
scores_eucli_00423.csv,00423,7,6971,1020,1,7999,87.24
scores_eucli_00424.csv,00424,4,6213,1778,4,7999,77.72
scores_eucli_00426.csv,00426,4,7079,912,4,7999,88.55
scores_eucli_00427.csv,00427,0,7823,168,8,7999,97.8
scores_eucli_00428.csv,00428,2,7786,205,6,7999,97.36
scores_eucli_00429.csv,00429,3,7978,13,5,7999,99.77
scores_eucli_00430.csv,00430,0,7971,20,8,7999,99.65
scores_eucli_00431.csv,00431,0,7991,0,8,7999,99.9
scores_eucli_00432.csv,00432,5,5482,2509,3,7999,68.6
scores_eucli_00433.csv,00433,6,5841,2150,2,7999,73.1
scores_eucli_00434.csv,00434,4,7004,987,4,7999,87.61
scores_eucli_00435.csv,00435,1,7971,20,7,7999,99.66
scores_eucli_00436.csv,00436,2,7447,544,6,7999,93.12
scores_eucli_00437.csv,00437,5,6418,1573,3,7999,80.3
scores_eucli_00438.csv,00438,5,5323,2668,3,7999,66.61
scores_eucli_00439.csv,00439,4,4561,3430,4,7999,57.07
scores_eucli_00440.csv,00440,2,7989,2,6,7999,99.9
scores_eucli_00441.csv,00441,5,7456,535,3,7999,93.27
scores_eucli_00442.csv,00442,1,7801,190,7,7999,97.54
scores_eucli_00443.csv,00443,6,7298,693,2,7999,91.31
scores_eucli_00444.csv,00444,7,4468,3523,1,7999,55.94
scores_eucli_00445.csv,00445,4,7336,655,4,7999,91.76
scores_eucli_00446.csv,00446,7,7371,620,1,7999,92.24
scores_eucli_00447.csv,00447,1,7438,553,7,7999,93.0
scores_eucli_00448.csv,00448,3,7991,0,5,7999,99.94
scores_eucli_00449.csv,00449,0,7991,0,8,7999,99.9
scores_eucli_00450.csv,00450,5,6120,1871,3,7999,76.57
scores_eucli_00451.csv,00451,5,5092,2899,3,7999,63.72
scores_eucli_00452.csv,00452,0,7951,40,8,7999,99.4
scores_eucli_00453.csv,00453,4,6247,1744,4,7999,78.15
scores_eucli_00454.csv,00454,4,4807,3184,4,7999,60.15
scores_eucli_00455.csv,00455,6,5903,2088,2,7999,73.87
scores_eucli_00456.csv,00456,3,5567,2424,5,7999,69.63
scores_eucli_00457.csv,00457,1,7957,34,7,7999,99.49
scores_eucli_00458.csv,00458,1,7989,2,7,7999,99.89
scores_eucli_00460.csv,00460,1,7082,909,7,7999,88.55
scores_eucli_00461.csv,00461,0,7670,321,8,7999,95.89
scores_eucli_00462.csv,00462,0,7583,408,8,7999,94.8
scores_eucli_00463.csv,00463,2,7873,118,6,7999,98.45
scores_eucli_00464.csv,00464,0,7991,0,8,7999,99.9
scores_eucli_00465.csv,00465,2,7379,612,6,7999,92.27
scores_eucli_00466.csv,00466,2,7984,7,6,7999,99.84
scores_eucli_00467.csv,00467,5,5198,2793,3,7999,65.05
scores_eucli_00468.csv,00468,1,5248,2744,6,7999,65.62
scores_eucli_00469.csv,00469,3,7991,0,5,7999,99.94
scores_eucli_00470.csv,00470,5,7366,625,3,7999,92.15
scores_eucli_00471.csv,00471,6,6198,1793,2,7999,77.56
scores_eucli_00472.csv,00472,5,7778,213,3,7999,97.3
scores_eucli_00473.csv,00473,7,5447,2544,1,7999,68.18
scores_eucli_00474.csv,00474,4,7251,740,4,7999,90.7
scores_eucli_00475.csv,00475,6,5868,2123,2,7999,73.43
scores_eucli_00476.csv,00476,1,7991,0,7,7999,99.91
scores_eucli_00477.csv,00477,2,7991,0,6,7999,99.92
scores_eucli_00478.csv,00478,2,7991,0,6,7999,99.92
scores_eucli_00479.csv,00479,0,7970,21,8,7999,99.64
scores_eucli_00480.csv,00480,2,7123,868,6,7999,89.07
scores_eucli_00481.csv,00481,4,6899,1092,4,7999,86.3
scores_eucli_00482.csv,00482,4,5772,2219,4,7999,72.21
scores_eucli_00483.csv,00483,5,4918,3073,3,7999,61.55
scores_eucli_00484.csv,00484,2,7847,144,6,7999,98.12
scores_eucli_00485.csv,00485,3,5108,2883,5,7999,63.9
scores_eucli_00486.csv,00486,2,7943,48,6,7999,99.32
scores_eucli_00487.csv,00487,3,7991,0,5,7999,99.94
scores_eucli_00488.csv,00488,6,5169,2822,2,7999,64.7
scores_eucli_00489.csv,00489,1,7991,0,7,7999,99.91
scores_eucli_00490.csv,00490,3,5340,2651,5,7999,66.8
scores_eucli_00491.csv,00491,0,6463,1528,8,7999,80.8
scores_eucli_00492.csv,00492,4,6347,1644,4,7999,79.4
scores_eucli_00493.csv,00493,4,6154,1837,4,7999,76.98
scores_eucli_00494.csv,00494,4,7727,264,4,7999,96.65
scores_eucli_00495.csv,00495,4,6045,1946,4,7999,75.62
scores_eucli_00496.csv,00496,3,7724,267,5,7999,96.6
scores_eucli_00497.csv,00497,0,7991,0,8,7999,99.9
scores_eucli_00498.csv,00498,4,7981,10,4,7999,99.82
scores_eucli_00499.csv,00499,3,7907,84,5,7999,98.89
scores_eucli_00500.csv,00500,4,5752,2239,4,7999,71.96
scores_eucli_00501.csv,00501,3,4360,3631,5,7999,54.54
scores_eucli_00502.csv,00502,5,7713,278,3,7999,96.49
scores_eucli_00503.csv,00503,2,7990,1,6,7999,99.91
scores_eucli_00504.csv,00504,6,7671,320,2,7999,95.97
scores_eucli_00505.csv,00505,4,7706,285,4,7999,96.39
scores_eucli_00506.csv,00506,3,5280,2711,5,7999,66.05
scores_eucli_00507.csv,00507,0,6758,1233,8,7999,84.49
scores_eucli_00508.csv,00508,7,5510,2481,1,7999,68.97
scores_eucli_00509.csv,00509,1,7695,296,7,7999,96.21
scores_eucli_00510.csv,00510,7,7362,629,1,7999,92.12
scores_eucli_00511.csv,00511,2,6634,1357,6,7999,82.96
scores_eucli_00512.csv,00512,6,4972,3019,2,7999,62.23
scores_eucli_00513.csv,00513,1,7982,9,7,7999,99.8
scores_eucli_00514.csv,00514,0,4617,3374,8,7999,57.72
scores_eucli_00515.csv,00515,3,6674,1317,5,7999,83.47
scores_eucli_00516.csv,00516,3,6828,1163,5,7999,85.4
scores_eucli_00517.csv,00517,3,7854,137,5,7999,98.22
scores_eucli_00518.csv,00518,6,5303,2688,2,7999,66.37
scores_eucli_00519.csv,00519,2,7901,90,6,7999,98.8
scores_eucli_00520.csv,00520,3,7804,187,5,7999,97.6
scores_eucli_00521.csv,00521,3,5947,2044,5,7999,74.38
scores_eucli_00522.csv,00522,4,7890,101,4,7999,98.69
scores_eucli_00523.csv,00523,2,7991,0,6,7999,99.92
scores_eucli_00524.csv,00524,0,7815,176,8,7999,97.7
scores_eucli_00525.csv,00525,5,5536,2455,3,7999,69.27
scores_eucli_00526.csv,00526,4,6970,1021,4,7999,87.19
scores_eucli_00527.csv,00527,2,7554,437,6,7999,94.46
scores_eucli_00528.csv,00528,4,6073,1918,4,7999,75.97
scores_eucli_00529.csv,00529,4,5282,2709,4,7999,66.08
scores_eucli_00530.csv,00530,5,4956,3035,3,7999,62.02
scores_eucli_00531.csv,00531,6,6359,1632,2,7999,79.57
scores_eucli_00532.csv,00532,4,5127,2864,4,7999,64.15
scores_eucli_00533.csv,00533,0,7965,26,8,7999,99.57
scores_eucli_00534.csv,00534,7,4713,3278,1,7999,59.01
scores_eucli_00535.csv,00535,5,6153,1838,3,7999,76.98
scores_eucli_00536.csv,00536,7,4787,3204,1,7999,59.93
scores_eucli_00537.csv,00537,0,7945,46,8,7999,99.32
scores_eucli_00538.csv,00538,2,7745,246,6,7999,96.85
scores_eucli_00539.csv,00539,8,5096,2895,0,7999,63.81
scores_eucli_00540.csv,00540,5,5373,2618,3,7999,67.23
scores_eucli_00541.csv,00541,4,7831,160,4,7999,97.95
scores_eucli_00542.csv,00542,4,6888,1103,4,7999,86.16
scores_eucli_00543.csv,00543,1,7990,1,7,7999,99.9
scores_eucli_00544.csv,00544,5,5433,2558,3,7999,67.98
scores_eucli_00545.csv,00545,5,6300,1691,3,7999,78.82
scores_eucli_00546.csv,00546,5,5194,2797,3,7999,65.0
scores_eucli_00547.csv,00547,4,7802,189,4,7999,97.59
scores_eucli_00548.csv,00548,2,7694,297,6,7999,96.21
scores_eucli_00549.csv,00549,1,7984,7,7,7999,99.82
scores_eucli_00550.csv,00550,5,7776,215,3,7999,97.27
scores_eucli_00551.csv,00551,6,7276,715,2,7999,91.04
scores_eucli_00552.csv,00552,2,7798,193,6,7999,97.51
scores_eucli_00553.csv,00553,7,5173,2818,1,7999,64.76
scores_eucli_00554.csv,00554,5,6389,1602,3,7999,79.93
scores_eucli_00555.csv,00555,8,4706,3285,0,7999,58.93
scores_eucli_00556.csv,00556,3,7658,333,5,7999,95.77
scores_eucli_00557.csv,00557,3,7054,937,5,7999,88.22
scores_eucli_00558.csv,00558,2,7902,89,6,7999,98.81
scores_eucli_00559.csv,00559,7,5162,2829,1,7999,64.62
scores_eucli_00560.csv,00560,2,6572,1419,6,7999,82.19
scores_eucli_00561.csv,00561,6,6684,1307,2,7999,83.64
scores_eucli_00562.csv,00562,7,6874,1117,1,7999,86.02
scores_eucli_00563.csv,00563,1,5598,2393,7,7999,70.0
scores_eucli_00564.csv,00564,2,6458,1533,6,7999,80.76
scores_eucli_00565.csv,00565,2,7945,46,6,7999,99.35
scores_eucli_00566.csv,00566,3,7976,15,5,7999,99.75
scores_eucli_00567.csv,00567,1,7968,23,7,7999,99.62
scores_eucli_00574.csv,00574,1,7818,173,7,7999,97.75
scores_eucli_00575.csv,00575,3,7671,320,5,7999,95.94
scores_eucli_00576.csv,00576,2,7449,542,6,7999,93.15
scores_eucli_00577.csv,00577,4,7316,675,4,7999,91.51
scores_eucli_00578.csv,00578,5,5899,2092,3,7999,73.81
scores_eucli_00580.csv,00580,3,7926,65,5,7999,99.12
scores_eucli_00582.csv,00582,2,7204,787,6,7999,90.09
scores_eucli_00583.csv,00583,5,5450,2541,3,7999,68.2
scores_eucli_00584.csv,00584,3,6339,1652,5,7999,79.28
scores_eucli_00586.csv,00586,5,6765,1226,3,7999,84.64
scores_eucli_00587.csv,00587,8,4834,3157,0,7999,60.53
scores_eucli_00588.csv,00588,5,4850,3141,3,7999,60.7
scores_eucli_00589.csv,00589,2,7654,337,6,7999,95.71
scores_eucli_00590.csv,00590,4,5599,2392,4,7999,70.05
scores_eucli_00591.csv,00591,5,5463,2528,3,7999,68.36
scores_eucli_00592.csv,00592,0,7990,1,8,7999,99.89
scores_eucli_00593.csv,00593,4,7220,771,4,7999,90.31
scores_eucli_00594.csv,00594,5,5968,2023,3,7999,74.67
scores_eucli_00595.csv,00595,2,7988,3,6,7999,99.89
scores_eucli_00596.csv,00596,4,7767,224,4,7999,97.15
scores_eucli_00597.csv,00597,4,6394,1597,4,7999,79.98
scores_eucli_00598.csv,00598,1,5693,2298,7,7999,71.18
scores_eucli_00599.csv,00599,1,7991,0,7,7999,99.91
scores_eucli_00600.csv,00600,2,6218,1773,6,7999,77.76
scores_eucli_00601.csv,00601,1,7155,836,7,7999,89.46
scores_eucli_00602.csv,00602,5,5484,2507,3,7999,68.62
scores_eucli_00603.csv,00603,3,7500,491,5,7999,93.8
scores_eucli_00604.csv,00604,3,7911,80,5,7999,98.94
scores_eucli_00605.csv,00605,2,7956,35,6,7999,99.49
scores_eucli_00606.csv,00606,0,7985,6,8,7999,99.82
scores_eucli_00607.csv,00607,6,5922,2069,2,7999,74.11
scores_eucli_00610.csv,00610,3,5034,2959,3,7999,62.97
scores_eucli_00611.csv,00611,7,5975,2016,1,7999,74.78
scores_eucli_00612.csv,00612,7,4521,3470,1,7999,56.61
scores_eucli_00613.csv,00613,3,7135,856,5,7999,89.24
scores_eucli_00614.csv,00614,4,7931,60,4,7999,99.2
scores_eucli_00615.csv,00615,6,5872,2119,2,7999,73.48
scores_eucli_00616.csv,00616,1,7984,7,7,7999,99.82
scores_eucli_00617.csv,00617,2,7815,176,6,7999,97.72
scores_eucli_00618.csv,00618,1,7991,0,7,7999,99.91
scores_eucli_00619.csv,00619,5,4866,3125,3,7999,60.9
scores_eucli_00620.csv,00620,1,7977,14,7,7999,99.74
scores_eucli_00621.csv,00621,0,7991,0,8,7999,99.9
scores_eucli_00622.csv,00622,0,5758,2233,8,7999,71.98
scores_eucli_00623.csv,00623,2,7183,808,6,7999,89.82
scores_eucli_00624.csv,00624,0,7990,1,8,7999,99.89
scores_eucli_00625.csv,00625,3,7103,888,5,7999,88.84
scores_eucli_00626.csv,00626,5,7093,898,3,7999,88.74
scores_eucli_00627.csv,00627,3,7838,153,5,7999,98.02
scores_eucli_00628.csv,00628,2,7478,513,6,7999,93.51
scores_eucli_00629.csv,00629,6,7055,936,2,7999,88.27
scores_eucli_00630.csv,00630,3,7988,3,5,7999,99.9
scores_eucli_00631.csv,00631,2,7940,51,6,7999,99.29
scores_eucli_00632.csv,00632,0,7991,0,8,7999,99.9
scores_eucli_00633.csv,00633,4,7987,4,4,7999,99.9
scores_eucli_00634.csv,00634,0,7787,204,8,7999,97.35
scores_eucli_00635.csv,00635,1,7990,1,7,7999,99.9
scores_eucli_00636.csv,00636,3,7873,118,5,7999,98.46
scores_eucli_00637.csv,00637,1,7425,566,7,7999,92.84
scores_eucli_00638.csv,00638,1,7957,34,7,7999,99.49
scores_eucli_00639.csv,00639,0,7983,8,8,7999,99.8
scores_eucli_00640.csv,00640,5,7757,234,3,7999,97.04
scores_eucli_00641.csv,00641,6,5226,2765,2,7999,65.41
scores_eucli_00642.csv,00642,8,4487,3504,0,7999,56.19
scores_eucli_00643.csv,00643,0,7990,1,8,7999,99.89
scores_eucli_00644.csv,00644,4,7191,800,4,7999,89.95
scores_eucli_00645.csv,00645,3,7986,5,5,7999,99.87
scores_eucli_00646.csv,00646,5,4440,3551,3,7999,55.57
scores_eucli_00647.csv,00647,3,5572,2419,5,7999,69.7
scores_eucli_00648.csv,00648,7,4975,3016,1,7999,62.28
scores_eucli_00649.csv,00649,6,4254,3737,2,7999,53.26
scores_eucli_00650.csv,00650,2,7591,400,6,7999,94.92
scores_eucli_00651.csv,00651,8,4460,3531,0,7999,55.86
scores_eucli_00652.csv,00652,4,7860,131,4,7999,98.31
scores_eucli_00653.csv,00653,8,5199,2792,0,7999,65.1
scores_eucli_00654.csv,00654,3,5728,2263,5,7999,71.65
scores_eucli_00655.csv,00655,5,6892,1099,3,7999,86.22
scores_eucli_00656.csv,00656,6,6894,1097,2,7999,86.26
scores_eucli_00657.csv,00657,2,7427,564,6,7999,92.87
scores_eucli_00658.csv,00658,2,7822,169,6,7999,97.81
scores_eucli_00659.csv,00659,7,7103,888,1,7999,88.89
scores_eucli_00660.csv,00660,4,7986,5,4,7999,99.89
scores_eucli_00661.csv,00661,1,7961,30,7,7999,99.54
scores_eucli_00662.csv,00662,1,7983,8,7,7999,99.81
scores_eucli_00663.csv,00663,4,7169,822,4,7999,89.67
scores_eucli_00664.csv,00664,4,7125,866,4,7999,89.12
scores_eucli_00665.csv,00665,5,5778,2213,3,7999,72.3
scores_eucli_00666.csv,00666,4,5479,2512,4,7999,68.55
scores_eucli_00667.csv,00667,7,4695,3296,1,7999,58.78
scores_eucli_00668.csv,00668,5,5671,2320,3,7999,70.96
scores_eucli_00669.csv,00669,6,5347,2644,2,7999,66.92
scores_eucli_00670.csv,00670,5,6704,1287,3,7999,83.87
scores_eucli_00671.csv,00671,0,7965,26,8,7999,99.57
scores_eucli_00672.csv,00672,6,6467,1524,2,7999,80.92
scores_eucli_00673.csv,00673,6,5507,2484,2,7999,68.92
scores_eucli_00674.csv,00674,7,5721,2270,1,7999,71.61
scores_eucli_00675.csv,00675,7,5404,2587,1,7999,67.65
scores_eucli_00676.csv,00676,0,7872,119,8,7999,98.41
scores_eucli_00677.csv,00677,1,7991,0,7,7999,99.91
scores_eucli_00678.csv,00678,1,7888,103,7,7999,98.62
scores_eucli_00679.csv,00679,1,7730,261,7,7999,96.65
scores_eucli_00680.csv,00680,4,6000,1991,4,7999,75.06
scores_eucli_00681.csv,00681,4,5855,2136,4,7999,73.25
scores_eucli_00682.csv,00682,5,6930,1061,3,7999,86.7
scores_eucli_00683.csv,00683,5,5305,2686,3,7999,66.38
scores_eucli_00684.csv,00684,5,5666,2325,3,7999,70.9
scores_eucli_00685.csv,00685,5,6995,996,3,7999,87.51
scores_eucli_00686.csv,00686,5,6689,1302,3,7999,83.69
scores_eucli_00687.csv,00687,5,5544,2447,3,7999,69.37
scores_eucli_00688.csv,00688,5,5555,2436,3,7999,69.51
scores_eucli_00689.csv,00689,3,7956,35,5,7999,99.5
scores_eucli_00690.csv,00690,3,7492,499,5,7999,93.7
scores_eucli_00691.csv,00691,5,5405,2586,3,7999,67.63
scores_eucli_00692.csv,00692,4,7813,178,4,7999,97.72
scores_eucli_00693.csv,00693,5,5581,2410,3,7999,69.83
scores_eucli_00694.csv,00694,5,5368,2623,3,7999,67.17
scores_eucli_00695.csv,00695,5,6434,1557,3,7999,80.5
scores_eucli_00696.csv,00696,8,4390,3601,0,7999,54.98
scores_eucli_00697.csv,00697,6,5667,2324,2,7999,70.92
scores_eucli_00698.csv,00698,2,7693,298,6,7999,96.2
scores_eucli_00699.csv,00699,1,7808,183,7,7999,97.62
scores_eucli_00700.csv,00700,4,6641,1350,4,7999,83.07
scores_eucli_00701.csv,00701,4,6981,1010,4,7999,87.32
scores_eucli_00702.csv,00702,7,5611,2380,1,7999,70.23
scores_eucli_00703.csv,00703,7,6764,1227,1,7999,84.65
scores_eucli_00704.csv,00704,6,5538,2453,2,7999,69.31
scores_eucli_00705.csv,00705,8,4370,3621,0,7999,54.73
scores_eucli_00706.csv,00706,6,5590,2401,2,7999,69.96
scores_eucli_00707.csv,00707,6,4492,3499,2,7999,56.23
scores_eucli_00708.csv,00708,8,4654,3337,0,7999,58.28
scores_eucli_00709.csv,00709,8,4701,3290,0,7999,58.87
scores_eucli_00710.csv,00710,6,7723,268,2,7999,96.62
scores_eucli_00711.csv,00711,7,5345,2646,1,7999,66.91
scores_eucli_00712.csv,00712,2,7982,9,6,7999,99.81
scores_eucli_00713.csv,00713,8,4873,3118,0,7999,61.02
scores_eucli_00714.csv,00714,8,4408,3583,0,7999,55.21
scores_eucli_00715.csv,00715,3,5903,2088,5,7999,73.83
scores_eucli_00716.csv,00716,5,4296,3695,3,7999,53.77
scores_eucli_00717.csv,00717,7,4404,3587,1,7999,55.14
scores_eucli_00718.csv,00718,7,5346,2645,1,7999,66.92
scores_eucli_00719.csv,00719,4,6868,1123,4,7999,85.91
scores_eucli_00720.csv,00720,2,7326,665,6,7999,91.61
scores_eucli_00721.csv,00721,8,6180,1811,0,7999,77.36
scores_eucli_00722.csv,00722,5,7944,47,3,7999,99.37
scores_eucli_00723.csv,00723,7,5093,2898,1,7999,63.76
scores_eucli_00724.csv,00724,6,5306,2685,2,7999,66.41
scores_eucli_00725.csv,00725,6,5615,2376,2,7999,70.27
scores_eucli_00726.csv,00726,7,5804,2187,1,7999,72.65
scores_eucli_00727.csv,00727,7,6566,1425,1,7999,82.17
scores_eucli_00728.csv,00728,7,5588,2403,1,7999,69.95
scores_eucli_00729.csv,00729,8,5658,2333,0,7999,70.83
scores_eucli_00730.csv,00730,8,4575,3416,0,7999,57.29
scores_eucli_00731.csv,00731,5,4836,3155,3,7999,60.52
scores_eucli_00732.csv,00732,7,6111,1880,1,7999,76.48
scores_eucli_00733.csv,00733,7,4525,3466,1,7999,56.66
scores_eucli_00734.csv,00734,7,5524,2467,1,7999,69.15
scores_eucli_00735.csv,00735,1,7828,163,7,7999,97.87
scores_eucli_00736.csv,00736,2,5465,2526,6,7999,68.35
scores_eucli_00737.csv,00737,1,7950,41,7,7999,99.4
scores_eucli_00738.csv,00738,5,7050,941,3,7999,88.2
scores_eucli_00739.csv,00739,4,7833,158,4,7999,97.97
scores_eucli_00740.csv,00740,4,6890,1101,4,7999,86.19
scores_eucli_00741.csv,00741,3,7938,53,5,7999,99.27
scores_eucli_00742.csv,00742,3,6326,1665,5,7999,79.12
scores_eucli_00743.csv,00743,6,7567,424,2,7999,94.67
scores_eucli_00744.csv,00744,6,5598,2393,2,7999,70.06
scores_eucli_00745.csv,00745,5,5823,2168,3,7999,72.86
scores_eucli_00746.csv,00746,3,5379,2612,5,7999,67.28
scores_eucli_00747.csv,00747,6,5783,2208,2,7999,72.37
scores_eucli_00748.csv,00748,5,4950,3041,3,7999,61.95
scores_eucli_00749.csv,00749,8,4535,3456,0,7999,56.79
scores_eucli_00750.csv,00750,6,5190,2801,2,7999,64.96
scores_eucli_00751.csv,00751,7,4695,3296,1,7999,58.78
scores_eucli_00752.csv,00752,3,7521,470,5,7999,94.06
scores_eucli_00753.csv,00753,7,4674,3317,1,7999,58.52
scores_eucli_00754.csv,00754,8,5048,2943,0,7999,63.21
scores_eucli_00755.csv,00755,8,5515,2476,0,7999,69.05
scores_eucli_00756.csv,00756,8,4739,3252,0,7999,59.34
scores_eucli_00757.csv,00757,3,6203,1788,5,7999,77.58
scores_eucli_00758.csv,00758,1,7867,124,7,7999,98.36
scores_eucli_00759.csv,00759,6,5002,2989,2,7999,62.61
scores_eucli_00760.csv,00760,1,7713,278,7,7999,96.44
scores_eucli_00761.csv,00761,1,7928,63,7,7999,99.12
scores_eucli_00762.csv,00762,2,5991,2000,6,7999,74.92
scores_eucli_00763.csv,00763,8,4897,3094,0,7999,61.32
scores_eucli_00764.csv,00764,2,6754,1237,6,7999,84.46
scores_eucli_00765.csv,00765,5,6868,1123,3,7999,85.92
scores_eucli_00766.csv,00766,5,4976,3015,3,7999,62.27
scores_eucli_00767.csv,00767,6,6986,1005,2,7999,87.41
scores_eucli_00768.csv,00768,5,7605,386,3,7999,95.14
scores_eucli_00769.csv,00769,2,7910,81,6,7999,98.91
scores_eucli_00770.csv,00770,2,7991,0,6,7999,99.92
scores_eucli_00771.csv,00771,1,7905,86,7,7999,98.84
scores_eucli_00772.csv,00772,3,7983,8,5,7999,99.84
scores_eucli_00773.csv,00773,2,7623,368,6,7999,95.32
scores_eucli_00774.csv,00774,4,5990,2001,4,7999,74.93
scores_eucli_00775.csv,00775,5,6897,1094,3,7999,86.29
scores_eucli_00776.csv,00776,2,7523,468,6,7999,94.07
scores_eucli_00777.csv,00777,2,7839,152,6,7999,98.02
scores_eucli_00778.csv,00778,2,7455,536,6,7999,93.22
scores_eucli_00779.csv,00779,4,6716,1275,4,7999,84.01
scores_eucli_00780.csv,00780,5,5901,2090,3,7999,73.83
scores_eucli_00781.csv,00781,5,5592,2399,3,7999,69.97
scores_eucli_00782.csv,00782,2,7180,811,6,7999,89.79
scores_eucli_00783.csv,00783,5,5802,2189,3,7999,72.6
scores_eucli_00784.csv,00784,5,6463,1528,3,7999,80.86
scores_eucli_00785.csv,00785,5,7674,317,3,7999,96.0
scores_eucli_00786.csv,00786,4,7302,689,4,7999,91.34
scores_eucli_00787.csv,00787,2,7247,744,6,7999,90.62
scores_eucli_00788.csv,00788,1,7839,152,7,7999,98.01
scores_eucli_00789.csv,00789,8,5641,2350,0,7999,70.62
scores_eucli_00790.csv,00790,1,7990,1,7,7999,99.9
scores_eucli_00791.csv,00791,1,7991,0,7,7999,99.91
scores_eucli_00792.csv,00792,8,5111,2880,0,7999,64.0
scores_eucli_00793.csv,00793,0,7990,1,8,7999,99.89
scores_eucli_00794.csv,00794,7,4778,3213,1,7999,59.82
scores_eucli_00795.csv,00795,6,5055,2936,2,7999,63.27
scores_eucli_00796.csv,00796,2,7979,12,6,7999,99.77
scores_eucli_00797.csv,00797,0,7426,565,8,7999,92.84
scores_eucli_00798.csv,00798,1,7989,2,7,7999,99.89
scores_eucli_00799.csv,00799,8,5546,2445,0,7999,69.43
scores_eucli_00800.csv,00800,8,4609,3382,0,7999,57.72
scores_eucli_00801.csv,00801,3,7033,958,5,7999,87.96
scores_eucli_00802.csv,00802,6,4368,3623,2,7999,54.68
scores_eucli_00803.csv,00803,7,4207,3784,1,7999,52.68
scores_eucli_00804.csv,00804,6,7654,337,2,7999,95.76
scores_eucli_00805.csv,00805,5,7906,85,3,7999,98.9
scores_eucli_00806.csv,00806,6,6274,1717,2,7999,78.51
scores_eucli_00807.csv,00807,4,7990,1,4,7999,99.94
scores_eucli_00808.csv,00808,5,5090,2901,3,7999,63.7
scores_eucli_00809.csv,00809,5,6570,1421,3,7999,82.2
scores_eucli_00810.csv,00810,6,5004,2987,2,7999,62.63
scores_eucli_00811.csv,00811,2,7991,0,6,7999,99.92
scores_eucli_00812.csv,00812,6,6116,1875,2,7999,76.53
scores_eucli_00813.csv,00813,6,5967,2024,2,7999,74.67
scores_eucli_00814.csv,00814,6,6563,1428,2,7999,82.12
scores_eucli_00815.csv,00815,8,6702,1289,0,7999,83.89
scores_eucli_00816.csv,00816,5,5526,2465,3,7999,69.15
scores_eucli_00817.csv,00817,6,5632,2359,2,7999,70.48
scores_eucli_00818.csv,00818,3,7915,76,5,7999,98.99
scores_eucli_00819.csv,00819,5,7754,237,3,7999,97.0
scores_eucli_00820.csv,00820,6,6013,1978,2,7999,75.25
scores_eucli_00821.csv,00821,7,5777,2214,1,7999,72.31
scores_eucli_00822.csv,00822,3,7477,514,5,7999,93.51
scores_eucli_00823.csv,00823,4,7709,282,4,7999,96.42
scores_eucli_00824.csv,00824,1,7949,42,7,7999,99.39
scores_eucli_00825.csv,00825,2,7795,196,6,7999,97.47
scores_eucli_00826.csv,00826,7,6625,1366,1,7999,82.91
scores_eucli_00827.csv,00827,2,7567,424,6,7999,94.62
scores_eucli_00828.csv,00828,4,7966,25,4,7999,99.64
scores_eucli_00829.csv,00829,5,5804,2187,3,7999,72.62
scores_eucli_00830.csv,00830,7,4849,3142,1,7999,60.71
scores_eucli_00831.csv,00831,8,4544,3447,0,7999,56.91
scores_eucli_00832.csv,00832,7,4761,3230,1,7999,59.61
scores_eucli_00833.csv,00833,0,7755,236,8,7999,96.95
scores_eucli_00834.csv,00834,8,5706,2285,0,7999,71.43
scores_eucli_00835.csv,00835,1,7587,404,7,7999,94.86
scores_eucli_00836.csv,00836,7,5668,2323,1,7999,70.95
scores_eucli_00837.csv,00837,0,7876,115,8,7999,98.46
scores_eucli_00838.csv,00838,5,4971,3020,3,7999,62.21
scores_eucli_00839.csv,00839,2,7446,545,6,7999,93.11
scores_eucli_00840.csv,00840,5,5444,2547,3,7999,68.12
scores_eucli_00841.csv,00841,1,7991,0,7,7999,99.91
scores_eucli_00842.csv,00842,8,6362,1629,0,7999,79.63
scores_eucli_00843.csv,00843,7,5845,2146,1,7999,73.16
scores_eucli_00844.csv,00844,4,6108,1883,4,7999,76.41
scores_eucli_00845.csv,00845,4,6291,1700,4,7999,78.7
scores_eucli_00846.csv,00846,6,6408,1583,2,7999,80.19
scores_eucli_00847.csv,00847,4,7406,585,4,7999,92.64
scores_eucli_00848.csv,00848,3,7150,841,5,7999,89.42
scores_eucli_00849.csv,00849,3,5679,2312,5,7999,71.03
scores_eucli_00850.csv,00850,6,6289,1702,2,7999,78.7
scores_eucli_00851.csv,00851,5,4234,3757,3,7999,52.99
scores_eucli_00852.csv,00852,1,7825,166,7,7999,97.84
scores_eucli_00853.csv,00853,6,5384,2607,2,7999,67.38
scores_eucli_00854.csv,00854,1,7297,694,7,7999,91.24
scores_eucli_00855.csv,00855,7,6074,1917,1,7999,76.02
scores_eucli_00856.csv,00856,5,6528,1463,3,7999,81.67
scores_eucli_00857.csv,00857,4,6452,1539,4,7999,80.71
scores_eucli_00858.csv,00858,7,5046,2945,1,7999,63.17
scores_eucli_00859.csv,00859,2,7964,27,6,7999,99.59
scores_eucli_00860.csv,00860,2,7254,737,6,7999,90.71
scores_eucli_00861.csv,00861,2,7983,8,6,7999,99.82
scores_eucli_00862.csv,00862,7,5588,2403,1,7999,69.95
scores_eucli_00863.csv,00863,5,5045,2946,3,7999,63.13
scores_eucli_00864.csv,00864,5,5983,2008,3,7999,74.86
scores_eucli_00865.csv,00865,6,7713,278,2,7999,96.5
scores_eucli_00866.csv,00866,5,6326,1665,3,7999,79.15
scores_eucli_00867.csv,00867,3,5926,2065,5,7999,74.12
scores_eucli_00868.csv,00868,7,6438,1553,1,7999,80.57
scores_eucli_00869.csv,00869,3,7885,106,5,7999,98.61
scores_eucli_00870.csv,00870,2,7990,1,6,7999,99.91
scores_eucli_00871.csv,00871,3,7983,8,5,7999,99.84
scores_eucli_00872.csv,00872,4,7860,131,4,7999,98.31
scores_eucli_00873.csv,00873,8,5020,2971,0,7999,62.86
scores_eucli_00874.csv,00874,3,7397,594,5,7999,92.51
scores_eucli_00875.csv,00875,5,6717,1274,3,7999,84.04
scores_eucli_00876.csv,00876,2,7618,373,6,7999,95.26
scores_eucli_00877.csv,00877,2,7414,577,6,7999,92.71
scores_eucli_00878.csv,00878,5,6426,1565,3,7999,80.4
scores_eucli_00879.csv,00879,5,7982,9,3,7999,99.85
scores_eucli_00880.csv,00880,2,7946,45,6,7999,99.36
scores_eucli_00881.csv,00881,7,5160,2831,1,7999,64.6
scores_eucli_00882.csv,00882,1,7991,0,7,7999,99.91
scores_eucli_00883.csv,00883,3,5013,2978,5,7999,62.71
scores_eucli_00884.csv,00884,5,6278,1713,3,7999,78.55
scores_eucli_00885.csv,00885,5,6653,1338,3,7999,83.24
scores_eucli_00886.csv,00886,8,6428,1563,0,7999,80.46
scores_eucli_00887.csv,00887,8,4784,3207,0,7999,59.91
scores_eucli_00888.csv,00888,5,6277,1714,3,7999,78.53
scores_eucli_00889.csv,00889,3,7975,16,5,7999,99.74
scores_eucli_00890.csv,00890,8,4657,3334,0,7999,58.32
scores_eucli_00891.csv,00891,5,7867,124,3,7999,98.41
scores_eucli_00892.csv,00892,5,6843,1148,3,7999,85.61
scores_eucli_00893.csv,00893,2,7934,57,6,7999,99.21
scores_eucli_00894.csv,00894,6,4713,3278,2,7999,58.99
scores_eucli_00895.csv,00895,8,4863,3128,0,7999,60.9
scores_eucli_00896.csv,00896,4,7874,117,4,7999,98.49
scores_eucli_00897.csv,00897,2,7975,16,6,7999,99.72
scores_eucli_00898.csv,00898,5,6044,1947,3,7999,75.62
scores_eucli_00899.csv,00899,7,5815,2176,1,7999,72.78
scores_eucli_00900.csv,00900,8,4543,3448,0,7999,56.89
scores_eucli_00901.csv,00901,7,4684,3307,1,7999,58.64
scores_eucli_00902.csv,00902,8,5948,2043,0,7999,74.46
scores_eucli_00903.csv,00903,6,4734,3257,2,7999,59.26
scores_eucli_00904.csv,00904,4,6194,1797,4,7999,77.48
scores_eucli_00905.csv,00905,3,6677,1314,5,7999,83.51
scores_eucli_00906.csv,00906,3,5255,2736,5,7999,65.73
scores_eucli_00907.csv,00907,6,5177,2814,2,7999,64.8
scores_eucli_00908.csv,00908,5,6290,1701,3,7999,78.7
scores_eucli_00909.csv,00909,1,7406,585,7,7999,92.6
scores_eucli_00910.csv,00910,5,5386,2605,3,7999,67.4
scores_eucli_00911.csv,00911,5,6987,1004,3,7999,87.41
scores_eucli_00912.csv,00912,6,6821,1170,2,7999,85.35
scores_eucli_00913.csv,00913,1,7984,7,7,7999,99.82
scores_eucli_00914.csv,00914,2,7520,471,6,7999,94.04
scores_eucli_00915.csv,00915,5,6665,1326,3,7999,83.39
scores_eucli_00916.csv,00916,5,5798,2193,3,7999,72.55
scores_eucli_00917.csv,00917,8,5295,2696,0,7999,66.3
scores_eucli_00918.csv,00918,5,5200,2791,3,7999,65.07
scores_eucli_00919.csv,00919,4,5278,2713,4,7999,66.03
scores_eucli_00920.csv,00920,5,5114,2877,3,7999,64.0
scores_eucli_00921.csv,00921,3,6410,1581,5,7999,80.17
scores_eucli_00922.csv,00922,6,5850,2141,2,7999,73.21
scores_eucli_00923.csv,00923,7,7337,654,1,7999,91.81
scores_eucli_00924.csv,00924,3,5665,2326,5,7999,70.86
scores_eucli_00925.csv,00925,6,5896,2095,2,7999,73.78
scores_eucli_00926.csv,00926,2,7991,0,6,7999,99.92
scores_eucli_00927.csv,00927,6,5402,2589,2,7999,67.61
scores_eucli_00928.csv,00928,2,7962,29,6,7999,99.56
scores_eucli_00929.csv,00929,3,7911,80,5,7999,98.94
scores_eucli_00930.csv,00930,8,6735,1256,0,7999,84.3
scores_eucli_00931.csv,00931,3,7851,140,5,7999,98.19
scores_eucli_00932.csv,00932,4,5660,2331,4,7999,70.81
scores_eucli_00933.csv,00933,5,7886,105,3,7999,98.65
scores_eucli_00934.csv,00934,4,5297,2694,4,7999,66.27
scores_eucli_00935.csv,00935,6,4762,3229,2,7999,59.61
scores_eucli_00936.csv,00936,3,5188,2803,5,7999,64.9
scores_eucli_00937.csv,00937,6,5235,2756,2,7999,65.52
scores_eucli_00938.csv,00938,8,5163,2828,0,7999,64.65
scores_eucli_00939.csv,00939,2,7991,0,6,7999,99.92
scores_eucli_00940.csv,00940,4,6534,1457,4,7999,81.74
scores_eucli_00941.csv,00941,2,7981,10,6,7999,99.8
scores_eucli_00942.csv,00942,5,7972,19,3,7999,99.72
scores_eucli_00943.csv,00943,3,5227,2764,5,7999,65.38
scores_eucli_00944.csv,00944,2,7796,195,6,7999,97.49
scores_eucli_00945.csv,00945,7,5973,2018,1,7999,74.76
scores_eucli_00946.csv,00946,7,4826,3165,1,7999,60.42
scores_eucli_00947.csv,00947,8,5741,2250,0,7999,71.87
scores_eucli_00948.csv,00948,7,5077,2914,1,7999,63.56
scores_eucli_00949.csv,00949,6,5801,2190,2,7999,72.6
scores_eucli_00950.csv,00950,5,6819,1172,3,7999,85.31
scores_eucli_00951.csv,00951,0,7990,1,8,7999,99.89
scores_eucli_00952.csv,00952,3,4924,3067,5,7999,61.6
scores_eucli_00953.csv,00953,2,7991,0,6,7999,99.92
scores_eucli_00954.csv,00954,4,6562,1429,4,7999,82.09
scores_eucli_00955.csv,00955,5,5951,2040,3,7999,74.46
scores_eucli_00956.csv,00956,6,5311,2680,2,7999,66.47
scores_eucli_00957.csv,00957,8,7082,909,0,7999,88.64
scores_eucli_00958.csv,00958,6,4903,3088,2,7999,61.37
scores_eucli_00959.csv,00959,4,7990,1,4,7999,99.94
scores_eucli_00960.csv,00960,7,4861,3130,1,7999,60.86
scores_eucli_00961.csv,00961,2,6724,1267,6,7999,84.09
scores_eucli_00962.csv,00962,2,7301,690,6,7999,91.3
scores_eucli_00963.csv,00963,8,5851,2140,0,7999,73.25
scores_eucli_00964.csv,00964,6,6151,1840,2,7999,76.97
scores_eucli_00965.csv,00965,8,5782,2209,0,7999,72.38
scores_eucli_00966.csv,00966,4,6626,1365,4,7999,82.89
scores_eucli_00967.csv,00967,6,5716,2275,2,7999,71.53
scores_eucli_00968.csv,00968,4,4513,3478,4,7999,56.47
scores_eucli_00969.csv,00969,0,7905,86,8,7999,98.82
scores_eucli_00970.csv,00970,6,6373,1618,2,7999,79.75
scores_eucli_00971.csv,00971,1,7948,43,7,7999,99.37
scores_eucli_00972.csv,00972,4,4949,3042,4,7999,61.92
scores_eucli_00973.csv,00973,8,4862,3129,0,7999,60.88
scores_eucli_00974.csv,00974,5,6271,1720,3,7999,78.46
scores_eucli_00975.csv,00975,5,5394,2597,3,7999,67.5
scores_eucli_00976.csv,00976,3,7895,96,5,7999,98.74
scores_eucli_00977.csv,00977,4,6558,1433,4,7999,82.04
scores_eucli_00978.csv,00978,4,6898,1093,4,7999,86.29
scores_eucli_00979.csv,00979,5,7087,904,3,7999,88.66
scores_eucli_00980.csv,00980,3,6989,1002,5,7999,87.41
scores_eucli_00981.csv,00981,5,6448,1543,3,7999,80.67
scores_eucli_00982.csv,00982,5,5118,2873,3,7999,64.05
scores_eucli_00983.csv,00983,5,6640,1351,3,7999,83.07
scores_eucli_00984.csv,00984,4,6104,1887,4,7999,76.36
scores_eucli_00985.csv,00985,7,4801,3190,1,7999,60.11
scores_eucli_00986.csv,00986,5,7559,432,3,7999,94.56
scores_eucli_00987.csv,00987,1,7581,410,7,7999,94.79
scores_eucli_00988.csv,00988,4,5683,2308,4,7999,71.1
scores_eucli_00989.csv,00989,3,7942,49,5,7999,99.32
scores_eucli_00990.csv,00990,5,5383,2608,3,7999,67.36
scores_eucli_00991.csv,00991,4,6539,1452,4,7999,81.8
scores_eucli_00992.csv,00992,8,4563,3428,0,7999,57.14
scores_eucli_00993.csv,00993,5,6427,1564,3,7999,80.41
scores_eucli_00994.csv,00994,1,7924,67,7,7999,99.07
scores_eucli_00995.csv,00995,3,4448,3543,5,7999,55.64
scores_eucli_00996.csv,00996,3,7897,94,5,7999,98.76
scores_eucli_00997.csv,00997,3,7161,830,5,7999,89.56
scores_eucli_00998.csv,00998,5,5003,2988,3,7999,62.61
scores_eucli_00999.csv,00999,6,7547,444,2,7999,94.42
scores_eucli_01000.csv,01000,4,5642,2349,4,7999,70.58

[전체 정확도],82.88%,"TP=3442, TN=5896744, FP=1215256, FN=3668"
