Filename,Accuracy,Precision,Recall,F1_Score,Query_Score,Best_Threshold,Best_F1_Score
scores_eucli_00056.csv,0.9995,1.0,0.3333,0.5,100.0,78,0.5
scores_eucli_00058.csv,0.999,1.0,0.1111,0.2,100.0,80,0.2
scores_eucli_00059.csv,0.999,0.6667,0.2222,0.3333,100.0,83,0.3333
scores_eucli_00061.csv,0.9989,0.5,0.4444,0.4706,100.0,71,0.4706
scores_eucli_00062.csv,0.9992,1.0,0.3333,0.5,100.0,76,0.5
scores_eucli_00065.csv,0.9991,0.6667,0.4444,0.5333,100.0,60,0.5333
scores_eucli_00067.csv,0.999,1.0,0.1111,0.2,100.0,59,0.2
scores_eucli_00068.csv,0.9992,1.0,0.3333,0.5,100.0,78,0.5
scores_eucli_00070.csv,0.9991,1.0,0.2222,0.3636,100.0,76,0.3636
scores_eucli_00071.csv,0.9991,1.0,0.2222,0.3636,100.0,72,0.3636
scores_eucli_00072.csv,0.9994,1.0,0.4444,0.6154,100.0,65,0.6154
scores_eucli_00077.csv,0.9991,1.0,0.2222,0.3636,100.0,68,0.3636
scores_eucli_00078.csv,0.9992,1.0,0.3333,0.5,100.0,56,0.5
scores_eucli_00080.csv,0.9985,0.3333,0.3333,0.3333,100.0,80,0.3333
scores_eucli_00082.csv,0.9994,1.0,0.4444,0.6154,100.0,78,0.6154
scores_eucli_00083.csv,0.999,1.0,0.1111,0.2,100.0,76,0.2
scores_eucli_00086.csv,0.9994,1.0,0.4444,0.6154,100.0,57,0.6154
scores_eucli_00087.csv,0.9994,1.0,0.2857,0.4444,100.0,58,0.4444
scores_eucli_00088.csv,0.9992,1.0,0.3333,0.5,100.0,75,0.5
scores_eucli_00089.csv,0.9991,1.0,0.2222,0.3636,100.0,78,0.3636
scores_eucli_00090.csv,0.9991,1.0,0.2222,0.3636,100.0,50,0.3636
scores_eucli_00091.csv,0.9992,1.0,0.3333,0.5,100.0,63,0.5
scores_eucli_00092.csv,0.999,0.5714,0.4444,0.5,100.0,61,0.5
scores_eucli_00093.csv,0.9991,1.0,0.2222,0.3636,100.0,79,0.3636
scores_eucli_00094.csv,0.9991,1.0,0.2222,0.3636,100.0,62,0.3636
scores_eucli_00095.csv,0.9991,0.75,0.3333,0.4615,100.0,57,0.4615
scores_eucli_00096.csv,0.9991,1.0,0.2222,0.3636,100.0,72,0.3636
scores_eucli_00097.csv,0.999,1.0,0.1111,0.2,100.0,83,0.2
scores_eucli_00098.csv,0.9989,0.5,0.1111,0.1818,100.0,74,0.1818
scores_eucli_00099.csv,0.999,1.0,0.1111,0.2,100.0,73,0.2
scores_eucli_00101.csv,0.9991,1.0,0.2222,0.3636,100.0,73,0.3636
scores_eucli_00102.csv,0.9992,1.0,0.3333,0.5,100.0,59,0.5
scores_eucli_00105.csv,0.999,1.0,0.1111,0.2,100.0,72,0.2
scores_eucli_00106.csv,0.9991,1.0,0.2222,0.3636,100.0,77,0.3636
scores_eucli_00108.csv,0.999,1.0,0.1111,0.2,100.0,63,0.2
scores_eucli_00111.csv,0.9989,0.5,0.2222,0.3077,100.0,74,0.3077
scores_eucli_00112.csv,0.999,1.0,0.1111,0.2,100.0,77,0.2
scores_eucli_00113.csv,0.9992,1.0,0.3333,0.5,100.0,72,0.5
scores_eucli_00114.csv,0.999,1.0,0.1111,0.2,100.0,74,0.2
scores_eucli_00115.csv,0.9992,1.0,0.3333,0.5,100.0,72,0.5
scores_eucli_00116.csv,0.9991,1.0,0.2222,0.3636,100.0,72,0.3636
scores_eucli_00118.csv,0.9994,1.0,0.4444,0.6154,100.0,50,0.6154
scores_eucli_00119.csv,0.9992,1.0,0.3333,0.5,100.0,71,0.5
scores_eucli_00120.csv,0.9991,1.0,0.2222,0.3636,100.0,72,0.3636
scores_eucli_00121.csv,0.999,1.0,0.1111,0.2,100.0,78,0.2
scores_eucli_00122.csv,0.9992,1.0,0.3333,0.5,100.0,77,0.5
scores_eucli_00124.csv,0.9988,0.4444,0.4444,0.4444,100.0,27,0.4444
scores_eucli_00127.csv,0.9992,1.0,0.3333,0.5,100.0,69,0.5
scores_eucli_00128.csv,0.9991,1.0,0.125,0.2222,100.0,65,0.2222
scores_eucli_00129.csv,0.9992,1.0,0.3333,0.5,100.0,61,0.5
scores_eucli_00130.csv,0.9991,1.0,0.2222,0.3636,100.0,69,0.3636
scores_eucli_00131.csv,0.999,1.0,0.1111,0.2,100.0,69,0.2
scores_eucli_00132.csv,0.999,1.0,0.1111,0.2,100.0,60,0.2
scores_eucli_00133.csv,0.9991,1.0,0.2222,0.3636,100.0,73,0.3636
scores_eucli_00134.csv,0.9991,1.0,0.2222,0.3636,100.0,74,0.3636
scores_eucli_00135.csv,0.999,1.0,0.1111,0.2,100.0,60,0.2
scores_eucli_00136.csv,0.999,1.0,0.1111,0.2,100.0,69,0.2
scores_eucli_00137.csv,0.9991,1.0,0.2222,0.3636,100.0,81,0.3636
scores_eucli_00139.csv,0.9995,1.0,0.5556,0.7143,100.0,63,0.7143
scores_eucli_00140.csv,0.9986,0.3333,0.2222,0.2667,100.0,72,0.2667
scores_eucli_00141.csv,0.9991,1.0,0.2222,0.3636,100.0,73,0.3636
scores_eucli_00142.csv,0.9992,1.0,0.25,0.4,100.0,59,0.4
scores_eucli_00143.csv,0.9992,1.0,0.3333,0.5,100.0,72,0.5
scores_eucli_00144.csv,0.999,1.0,0.1111,0.2,100.0,69,0.2
scores_eucli_00145.csv,0.9992,1.0,0.3333,0.5,100.0,76,0.5
scores_eucli_00146.csv,0.9991,1.0,0.2222,0.3636,100.0,75,0.3636
scores_eucli_00147.csv,0.9991,1.0,0.2222,0.3636,100.0,76,0.3636
scores_eucli_00148.csv,0.9992,1.0,0.3333,0.5,100.0,71,0.5
scores_eucli_00149.csv,0.9992,1.0,0.3333,0.5,100.0,75,0.5
scores_eucli_00150.csv,0.999,1.0,0.1111,0.2,100.0,78,0.2
scores_eucli_00151.csv,0.999,1.0,0.1111,0.2,100.0,56,0.2
scores_eucli_00152.csv,0.9991,1.0,0.2222,0.3636,100.0,78,0.3636
scores_eucli_00153.csv,0.9991,1.0,0.2222,0.3636,100.0,74,0.3636
scores_eucli_00154.csv,0.9991,1.0,0.2222,0.3636,100.0,72,0.3636
scores_eucli_00155.csv,0.999,1.0,0.1111,0.2,100.0,80,0.2
scores_eucli_00157.csv,0.999,1.0,0.1111,0.2,100.0,68,0.2
scores_eucli_00158.csv,0.999,1.0,0.1111,0.2,100.0,66,0.2
scores_eucli_00159.csv,0.999,1.0,0.1111,0.2,100.0,79,0.2
scores_eucli_00160.csv,0.999,0.5714,0.4444,0.5,100.0,67,0.5
scores_eucli_00161.csv,0.9994,1.0,0.4444,0.6154,100.0,72,0.6154
scores_eucli_00163.csv,0.9988,0.4286,0.3333,0.375,100.0,70,0.375
scores_eucli_00164.csv,0.999,1.0,0.1111,0.2,100.0,77,0.2
scores_eucli_00165.csv,0.999,1.0,0.1111,0.2,100.0,76,0.2
scores_eucli_00166.csv,0.9995,1.0,0.5556,0.7143,100.0,54,0.7143
scores_eucli_00167.csv,0.9991,1.0,0.2222,0.3636,100.0,64,0.3636
scores_eucli_00168.csv,0.9991,1.0,0.2222,0.3636,100.0,80,0.3636
scores_eucli_00169.csv,0.999,1.0,0.1111,0.2,100.0,78,0.2
scores_eucli_00170.csv,0.9994,1.0,0.4444,0.6154,100.0,80,0.6154
scores_eucli_00171.csv,0.9991,1.0,0.2222,0.3636,100.0,81,0.3636
scores_eucli_00172.csv,0.9991,1.0,0.2222,0.3636,100.0,74,0.3636
scores_eucli_00173.csv,0.9991,1.0,0.2222,0.3636,100.0,75,0.3636
scores_eucli_00174.csv,0.999,1.0,0.1111,0.2,100.0,10,0.2
scores_eucli_00175.csv,0.999,0.6667,0.2222,0.3333,100.0,72,0.3333
scores_eucli_00176.csv,0.9992,1.0,0.3333,0.5,100.0,79,0.5
scores_eucli_00177.csv,0.9986,0.4,0.4444,0.4211,100.0,75,0.4211
scores_eucli_00178.csv,0.9991,1.0,0.2222,0.3636,100.0,66,0.3636
scores_eucli_00180.csv,0.9994,1.0,0.4444,0.6154,100.0,77,0.6154
scores_eucli_00181.csv,0.9992,1.0,0.3333,0.5,100.0,62,0.5
scores_eucli_00182.csv,0.9994,1.0,0.4444,0.6154,100.0,81,0.6154
scores_eucli_00183.csv,0.999,1.0,0.1111,0.2,100.0,78,0.2
scores_eucli_00184.csv,0.999,1.0,0.1111,0.2,100.0,80,0.2
scores_eucli_00185.csv,0.9991,1.0,0.2222,0.3636,100.0,77,0.3636
scores_eucli_00186.csv,0.9994,1.0,0.4444,0.6154,100.0,78,0.6154
scores_eucli_00187.csv,0.998,0.1818,0.2222,0.2,100.0,70,0.2
scores_eucli_00188.csv,0.999,1.0,0.1111,0.2,100.0,77,0.2
scores_eucli_00189.csv,0.9992,1.0,0.3333,0.5,100.0,53,0.5
scores_eucli_00190.csv,0.9995,1.0,0.5556,0.7143,100.0,62,0.7143
scores_eucli_00191.csv,0.9994,1.0,0.4444,0.6154,100.0,77,0.6154
scores_eucli_00193.csv,0.9991,1.0,0.2222,0.3636,100.0,66,0.3636
scores_eucli_00194.csv,0.9992,1.0,0.3333,0.5,100.0,79,0.5
scores_eucli_00195.csv,0.9991,1.0,0.2222,0.3636,100.0,72,0.3636
scores_eucli_00197.csv,0.9992,1.0,0.3333,0.5,100.0,70,0.5
scores_eucli_00198.csv,0.9991,1.0,0.2222,0.3636,100.0,70,0.3636
scores_eucli_00199.csv,0.9994,1.0,0.4444,0.6154,100.0,65,0.6154
scores_eucli_00200.csv,0.9991,1.0,0.2222,0.3636,100.0,62,0.3636
scores_eucli_00201.csv,0.9988,0.4,0.2222,0.2857,100.0,63,0.2857
scores_eucli_00202.csv,0.999,1.0,0.1111,0.2,100.0,75,0.2
scores_eucli_00203.csv,0.9991,1.0,0.2222,0.3636,100.0,81,0.3636
scores_eucli_00205.csv,0.999,1.0,0.1111,0.2,100.0,72,0.2
scores_eucli_00206.csv,0.9994,0.8333,0.5556,0.6667,100.0,71,0.6667
scores_eucli_00207.csv,0.999,1.0,0.1111,0.2,100.0,82,0.2
scores_eucli_00208.csv,0.9991,1.0,0.2222,0.3636,100.0,82,0.3636
scores_eucli_00209.csv,0.9992,1.0,0.3333,0.5,100.0,82,0.5
scores_eucli_00210.csv,0.9995,1.0,0.5556,0.7143,100.0,63,0.7143
scores_eucli_00211.csv,0.9994,1.0,0.4444,0.6154,100.0,70,0.6154
scores_eucli_00212.csv,0.9985,0.3333,0.3333,0.3333,100.0,78,0.3333
scores_eucli_00213.csv,0.9994,1.0,0.4444,0.6154,100.0,58,0.6154
scores_eucli_00214.csv,0.9991,0.75,0.3333,0.4615,100.0,76,0.4615
scores_eucli_00215.csv,0.9991,1.0,0.2222,0.3636,100.0,58,0.3636
scores_eucli_00216.csv,0.9994,1.0,0.4444,0.6154,100.0,56,0.6154
scores_eucli_00217.csv,0.999,1.0,0.1111,0.2,100.0,81,0.2
scores_eucli_00218.csv,0.999,1.0,0.1111,0.2,100.0,62,0.2
scores_eucli_00219.csv,0.9991,1.0,0.2222,0.3636,100.0,75,0.3636
scores_eucli_00220.csv,0.9994,0.8333,0.5556,0.6667,100.0,76,0.6667
scores_eucli_00221.csv,0.9988,0.4,0.2222,0.2857,100.0,65,0.2857
scores_eucli_00223.csv,0.999,0.6667,0.2222,0.3333,100.0,75,0.3333
scores_eucli_00224.csv,0.999,1.0,0.1111,0.2,100.0,53,0.2
scores_eucli_00225.csv,0.9991,1.0,0.2222,0.3636,100.0,65,0.3636
scores_eucli_00227.csv,0.9996,1.0,0.6667,0.8,100.0,54,0.8
scores_eucli_00228.csv,0.9994,1.0,0.4444,0.6154,100.0,52,0.6154
scores_eucli_00229.csv,0.9992,1.0,0.3333,0.5,100.0,73,0.5
scores_eucli_00230.csv,0.9991,1.0,0.2222,0.3636,100.0,70,0.3636
scores_eucli_00231.csv,0.999,1.0,0.1111,0.2,100.0,85,0.2
scores_eucli_00232.csv,0.9992,1.0,0.3333,0.5,100.0,74,0.5
scores_eucli_00235.csv,0.9992,0.7143,0.5556,0.625,100.0,79,0.625
scores_eucli_00236.csv,0.9994,0.8333,0.5556,0.6667,100.0,81,0.6667
scores_eucli_00237.csv,0.9992,1.0,0.3333,0.5,100.0,78,0.5
scores_eucli_00238.csv,0.9991,1.0,0.2222,0.3636,100.0,73,0.3636
scores_eucli_00239.csv,0.9994,1.0,0.4444,0.6154,100.0,67,0.6154
scores_eucli_00240.csv,0.9992,1.0,0.3333,0.5,100.0,78,0.5
scores_eucli_00241.csv,0.9994,1.0,0.4444,0.6154,100.0,81,0.6154
scores_eucli_00242.csv,0.999,1.0,0.1111,0.2,100.0,79,0.2
scores_eucli_00243.csv,0.9992,1.0,0.3333,0.5,100.0,69,0.5
scores_eucli_00244.csv,0.999,0.6,0.3333,0.4286,100.0,78,0.4286
scores_eucli_00245.csv,0.9991,1.0,0.2222,0.3636,100.0,63,0.3636
scores_eucli_00246.csv,0.9986,0.375,0.3333,0.3529,100.0,80,0.3529
scores_eucli_00247.csv,0.9991,1.0,0.2222,0.3636,100.0,84,0.3636
scores_eucli_00248.csv,0.9988,0.4286,0.3333,0.375,100.0,77,0.375
scores_eucli_00249.csv,0.9991,1.0,0.2222,0.3636,100.0,74,0.3636
scores_eucli_00250.csv,0.9991,0.6667,0.4444,0.5333,100.0,75,0.5333
scores_eucli_00251.csv,0.999,1.0,0.1111,0.2,100.0,74,0.2
scores_eucli_00252.csv,0.999,1.0,0.1111,0.2,100.0,81,0.2
scores_eucli_00253.csv,0.9991,1.0,0.2222,0.3636,100.0,80,0.3636
scores_eucli_00254.csv,0.9994,1.0,0.4444,0.6154,100.0,77,0.6154
scores_eucli_00255.csv,0.9991,1.0,0.2222,0.3636,100.0,79,0.3636
scores_eucli_00256.csv,0.9991,0.75,0.3333,0.4615,100.0,74,0.4615
scores_eucli_00257.csv,0.9988,0.4,0.2222,0.2857,100.0,74,0.2857
scores_eucli_00258.csv,0.9991,1.0,0.2222,0.3636,100.0,72,0.3636
scores_eucli_00259.csv,0.999,1.0,0.1111,0.2,100.0,71,0.2
scores_eucli_00260.csv,0.9991,1.0,0.2222,0.3636,100.0,69,0.3636
scores_eucli_00261.csv,0.999,1.0,0.1111,0.2,100.0,76,0.2
scores_eucli_00262.csv,0.999,1.0,0.1111,0.2,100.0,69,0.2
scores_eucli_00263.csv,0.9991,1.0,0.2222,0.3636,100.0,59,0.3636
scores_eucli_00265.csv,0.9991,1.0,0.2222,0.3636,100.0,74,0.3636
scores_eucli_00267.csv,0.9991,1.0,0.2222,0.3636,100.0,62,0.3636
scores_eucli_00269.csv,0.9984,0.25,0.2222,0.2353,100.0,57,0.2353
scores_eucli_00270.csv,0.9992,1.0,0.3333,0.5,100.0,58,0.5
scores_eucli_00271.csv,0.9991,1.0,0.2222,0.3636,100.0,80,0.3636
scores_eucli_00272.csv,0.9982,0.2222,0.2222,0.2222,100.0,47,0.2222
scores_eucli_00273.csv,0.9994,1.0,0.4444,0.6154,100.0,71,0.6154
scores_eucli_00274.csv,0.999,0.6667,0.2222,0.3333,100.0,80,0.3333
scores_eucli_00275.csv,0.999,0.5714,0.4444,0.5,100.0,78,0.5
scores_eucli_00276.csv,0.9991,1.0,0.2222,0.3636,100.0,75,0.3636
scores_eucli_00277.csv,0.999,0.5714,0.4444,0.5,100.0,56,0.5
scores_eucli_00278.csv,0.9994,1.0,0.4444,0.6154,100.0,64,0.6154
scores_eucli_00279.csv,0.9991,1.0,0.2222,0.3636,100.0,71,0.3636
scores_eucli_00281.csv,0.999,1.0,0.1111,0.2,100.0,72,0.2
scores_eucli_00282.csv,0.9992,1.0,0.3333,0.5,100.0,75,0.5
scores_eucli_00283.csv,0.9981,0.2,0.2222,0.2105,100.0,79,0.2105
scores_eucli_00284.csv,0.9994,0.8333,0.5556,0.6667,100.0,78,0.6667
scores_eucli_00285.csv,0.999,1.0,0.1111,0.2,100.0,83,0.2
scores_eucli_00286.csv,0.999,1.0,0.1111,0.2,100.0,69,0.2
scores_eucli_00288.csv,0.9991,1.0,0.2222,0.3636,100.0,75,0.3636
scores_eucli_00289.csv,0.9991,1.0,0.2222,0.3636,100.0,73,0.3636
scores_eucli_00290.csv,0.999,1.0,0.1111,0.2,100.0,83,0.2
scores_eucli_00291.csv,0.9994,1.0,0.4444,0.6154,100.0,57,0.6154
scores_eucli_00292.csv,0.9991,1.0,0.2222,0.3636,100.0,78,0.3636
scores_eucli_00293.csv,0.9994,1.0,0.4444,0.6154,100.0,59,0.6154
scores_eucli_00294.csv,0.9991,1.0,0.2222,0.3636,100.0,73,0.3636
scores_eucli_00295.csv,0.999,1.0,0.1111,0.2,100.0,56,0.2
scores_eucli_00296.csv,0.999,1.0,0.1111,0.2,100.0,57,0.2
scores_eucli_00297.csv,0.9991,0.6667,0.4444,0.5333,100.0,71,0.5333
scores_eucli_00298.csv,0.9991,1.0,0.2222,0.3636,100.0,68,0.3636
scores_eucli_00299.csv,0.9988,0.4,0.2222,0.2857,100.0,78,0.2857
scores_eucli_00300.csv,0.999,1.0,0.1111,0.2,100.0,77,0.2
scores_eucli_00301.csv,0.999,1.0,0.1111,0.2,100.0,63,0.2
scores_eucli_00302.csv,0.9988,0.4286,0.3333,0.375,100.0,78,0.375
scores_eucli_00303.csv,0.9985,0.3636,0.4444,0.4,100.0,75,0.4
scores_eucli_00304.csv,0.9992,1.0,0.3333,0.5,100.0,68,0.5
scores_eucli_00305.csv,0.9991,1.0,0.2222,0.3636,100.0,75,0.3636
scores_eucli_00306.csv,0.9991,1.0,0.2222,0.3636,100.0,70,0.3636
scores_eucli_00307.csv,0.9991,1.0,0.2222,0.3636,100.0,77,0.3636
scores_eucli_00308.csv,0.9992,1.0,0.3333,0.5,100.0,77,0.5
scores_eucli_00309.csv,0.9992,1.0,0.3333,0.5,100.0,70,0.5
scores_eucli_00310.csv,0.999,1.0,0.1111,0.2,100.0,63,0.2
scores_eucli_00311.csv,0.999,1.0,0.1111,0.2,100.0,74,0.2
scores_eucli_00312.csv,0.9995,1.0,0.5556,0.7143,100.0,54,0.7143
scores_eucli_00313.csv,0.999,1.0,0.1111,0.2,100.0,62,0.2
scores_eucli_00314.csv,0.9994,0.8333,0.5556,0.6667,100.0,55,0.6667
scores_eucli_00315.csv,0.9994,1.0,0.4444,0.6154,100.0,53,0.6154
scores_eucli_00316.csv,0.9991,1.0,0.2222,0.3636,100.0,73,0.3636
scores_eucli_00317.csv,0.9992,1.0,0.3333,0.5,100.0,75,0.5
scores_eucli_00318.csv,0.9991,1.0,0.2222,0.3636,100.0,72,0.3636
scores_eucli_00319.csv,0.9991,1.0,0.2222,0.3636,100.0,73,0.3636
scores_eucli_00320.csv,0.9994,1.0,0.4444,0.6154,100.0,80,0.6154
scores_eucli_00321.csv,0.9991,1.0,0.2222,0.3636,100.0,62,0.3636
scores_eucli_00322.csv,0.9988,0.4,0.2222,0.2857,100.0,56,0.2857
scores_eucli_00323.csv,0.999,1.0,0.1111,0.2,100.0,77,0.2
scores_eucli_00324.csv,0.9991,1.0,0.2222,0.3636,100.0,61,0.3636
scores_eucli_00325.csv,0.9991,1.0,0.2222,0.3636,100.0,57,0.3636
scores_eucli_00326.csv,0.999,1.0,0.1111,0.2,100.0,57,0.2
scores_eucli_00327.csv,0.9992,1.0,0.3333,0.5,100.0,73,0.5
scores_eucli_00328.csv,0.9992,1.0,0.3333,0.5,100.0,59,0.5
scores_eucli_00329.csv,0.999,1.0,0.1111,0.2,100.0,73,0.2
scores_eucli_00330.csv,0.9991,1.0,0.2222,0.3636,100.0,83,0.3636
scores_eucli_00331.csv,0.999,0.6667,0.2222,0.3333,100.0,35,0.3333
scores_eucli_00332.csv,0.999,1.0,0.1111,0.2,100.0,66,0.2
scores_eucli_00333.csv,0.999,1.0,0.1111,0.2,100.0,67,0.2
scores_eucli_00334.csv,0.999,1.0,0.1111,0.2,100.0,74,0.2
scores_eucli_00335.csv,0.9991,1.0,0.2222,0.3636,100.0,71,0.3636
scores_eucli_00336.csv,0.9991,0.75,0.3333,0.4615,100.0,63,0.4615
scores_eucli_00337.csv,0.9994,1.0,0.4444,0.6154,100.0,82,0.6154
scores_eucli_00338.csv,0.9991,1.0,0.2222,0.3636,100.0,75,0.3636
scores_eucli_00339.csv,0.999,1.0,0.1111,0.2,100.0,74,0.2
scores_eucli_00340.csv,0.9991,1.0,0.2222,0.3636,100.0,79,0.3636
scores_eucli_00341.csv,0.9994,1.0,0.4444,0.6154,100.0,72,0.6154
scores_eucli_00342.csv,0.999,1.0,0.1111,0.2,100.0,44,0.2
scores_eucli_00343.csv,0.9991,1.0,0.2222,0.3636,100.0,29,0.3636
scores_eucli_00344.csv,0.9992,1.0,0.3333,0.5,100.0,60,0.5
scores_eucli_00345.csv,0.999,1.0,0.1111,0.2,100.0,58,0.2
scores_eucli_00346.csv,0.9994,1.0,0.4444,0.6154,100.0,23,0.6154
scores_eucli_00347.csv,0.999,1.0,0.1111,0.2,100.0,64,0.2
scores_eucli_00348.csv,0.9991,1.0,0.2222,0.3636,100.0,79,0.3636
scores_eucli_00349.csv,0.9994,1.0,0.4444,0.6154,100.0,79,0.6154
scores_eucli_00350.csv,0.9992,1.0,0.3333,0.5,100.0,68,0.5
scores_eucli_00351.csv,0.9992,0.8,0.4444,0.5714,100.0,71,0.5714
scores_eucli_00352.csv,0.999,1.0,0.1111,0.2,100.0,76,0.2
scores_eucli_00353.csv,0.999,1.0,0.1111,0.2,100.0,71,0.2
scores_eucli_00354.csv,0.9991,1.0,0.2222,0.3636,100.0,58,0.3636
scores_eucli_00355.csv,0.999,1.0,0.1111,0.2,100.0,74,0.2
scores_eucli_00356.csv,0.9992,1.0,0.3333,0.5,100.0,58,0.5
scores_eucli_00357.csv,0.9991,0.625,0.5556,0.5882,100.0,64,0.5882
scores_eucli_00358.csv,0.9992,1.0,0.3333,0.5,100.0,62,0.5
scores_eucli_00359.csv,0.9991,1.0,0.2222,0.3636,100.0,70,0.3636
scores_eucli_00360.csv,0.9991,1.0,0.2222,0.3636,100.0,61,0.3636
scores_eucli_00361.csv,0.9991,1.0,0.2222,0.3636,100.0,55,0.3636
scores_eucli_00362.csv,0.9991,1.0,0.2222,0.3636,100.0,65,0.3636
scores_eucli_00363.csv,0.9989,0.5,0.2222,0.3077,100.0,81,0.3077
scores_eucli_00364.csv,0.999,1.0,0.1111,0.2,100.0,70,0.2
scores_eucli_00365.csv,0.9991,1.0,0.2222,0.3636,100.0,59,0.3636
scores_eucli_00366.csv,0.999,1.0,0.1111,0.2,100.0,70,0.2
scores_eucli_00367.csv,0.9991,1.0,0.2222,0.3636,100.0,73,0.3636
scores_eucli_00368.csv,0.9995,1.0,0.5556,0.7143,100.0,67,0.7143
scores_eucli_00369.csv,0.9989,0.5,0.2222,0.3077,100.0,56,0.3077
scores_eucli_00370.csv,0.999,1.0,0.1111,0.2,100.0,75,0.2
scores_eucli_00371.csv,0.9992,1.0,0.3333,0.5,100.0,63,0.5
scores_eucli_00372.csv,0.9982,0.2222,0.2222,0.2222,100.0,70,0.2222
scores_eucli_00373.csv,0.9991,1.0,0.2222,0.3636,100.0,61,0.3636
scores_eucli_00374.csv,0.9994,1.0,0.4444,0.6154,100.0,79,0.6154
scores_eucli_00375.csv,0.999,1.0,0.1111,0.2,100.0,55,0.2
scores_eucli_00376.csv,0.9995,1.0,0.5556,0.7143,100.0,66,0.7143
scores_eucli_00377.csv,0.9991,1.0,0.2222,0.3636,100.0,57,0.3636
scores_eucli_00379.csv,0.999,1.0,0.1111,0.2,100.0,52,0.2
scores_eucli_00380.csv,0.9991,1.0,0.2222,0.3636,100.0,62,0.3636
scores_eucli_00381.csv,0.9996,1.0,0.6667,0.8,100.0,67,0.8
scores_eucli_00382.csv,0.9991,1.0,0.2222,0.3636,100.0,56,0.3636
scores_eucli_00383.csv,0.9991,1.0,0.2222,0.3636,100.0,47,0.3636
scores_eucli_00384.csv,0.9991,1.0,0.2222,0.3636,100.0,77,0.3636
scores_eucli_00385.csv,0.9985,0.2857,0.2222,0.25,100.0,70,0.25
scores_eucli_00386.csv,0.9991,1.0,0.2222,0.3636,100.0,56,0.3636
scores_eucli_00387.csv,0.9991,1.0,0.2222,0.3636,100.0,24,0.3636
scores_eucli_00388.csv,0.999,1.0,0.1111,0.2,100.0,70,0.2
scores_eucli_00389.csv,0.9989,0.5,0.2222,0.3077,100.0,44,0.3077
scores_eucli_00390.csv,0.999,1.0,0.1111,0.2,100.0,56,0.2
scores_eucli_00391.csv,0.9991,1.0,0.2222,0.3636,100.0,67,0.3636
scores_eucli_00392.csv,0.999,1.0,0.1111,0.2,100.0,66,0.2
scores_eucli_00393.csv,0.9991,1.0,0.2222,0.3636,100.0,64,0.3636
scores_eucli_00394.csv,0.999,1.0,0.1111,0.2,100.0,72,0.2
scores_eucli_00395.csv,0.9991,1.0,0.2222,0.3636,100.0,72,0.3636
scores_eucli_00396.csv,0.9982,0.2222,0.2222,0.2222,100.0,73,0.2222
scores_eucli_00397.csv,0.999,1.0,0.1111,0.2,100.0,70,0.2
scores_eucli_00398.csv,0.999,1.0,0.1111,0.2,100.0,59,0.2
scores_eucli_00399.csv,0.9991,1.0,0.2222,0.3636,100.0,74,0.3636
scores_eucli_00400.csv,0.9991,1.0,0.2222,0.3636,100.0,75,0.3636
scores_eucli_00401.csv,0.9992,0.8,0.4444,0.5714,100.0,75,0.5714
scores_eucli_00402.csv,0.9995,1.0,0.5556,0.7143,100.0,65,0.7143
scores_eucli_00403.csv,0.9986,0.4167,0.5556,0.4762,100.0,80,0.4762
scores_eucli_00404.csv,0.9992,1.0,0.3333,0.5,100.0,76,0.5
scores_eucli_00405.csv,0.9994,0.8333,0.5556,0.6667,100.0,76,0.6667
scores_eucli_00406.csv,0.9992,1.0,0.3333,0.5,100.0,67,0.5
scores_eucli_00407.csv,0.9991,1.0,0.2222,0.3636,100.0,61,0.3636
scores_eucli_00408.csv,0.9991,1.0,0.2222,0.3636,100.0,69,0.3636
scores_eucli_00409.csv,0.999,1.0,0.1111,0.2,100.0,81,0.2
scores_eucli_00410.csv,0.9991,1.0,0.2222,0.3636,100.0,67,0.3636
scores_eucli_00411.csv,0.999,1.0,0.1111,0.2,100.0,67,0.2
scores_eucli_00412.csv,0.9995,1.0,0.5556,0.7143,100.0,52,0.7143
scores_eucli_00413.csv,0.9988,0.4,0.2222,0.2857,100.0,55,0.2857
scores_eucli_00414.csv,0.9995,0.8571,0.6667,0.75,100.0,63,0.75
scores_eucli_00415.csv,0.9992,1.0,0.3333,0.5,100.0,76,0.5
scores_eucli_00417.csv,0.9991,1.0,0.2222,0.3636,100.0,30,0.3636
scores_eucli_00418.csv,0.999,1.0,0.1111,0.2,100.0,56,0.2
scores_eucli_00419.csv,0.9992,1.0,0.3333,0.5,100.0,53,0.5
scores_eucli_00420.csv,0.9992,1.0,0.3333,0.5,100.0,78,0.5
scores_eucli_00421.csv,0.999,1.0,0.1111,0.2,100.0,71,0.2
scores_eucli_00422.csv,0.999,1.0,0.1111,0.2,100.0,58,0.2
scores_eucli_00423.csv,0.9992,1.0,0.3333,0.5,100.0,75,0.5
scores_eucli_00424.csv,0.999,1.0,0.1111,0.2,100.0,78,0.2
scores_eucli_00426.csv,0.999,1.0,0.1111,0.2,100.0,75,0.2
scores_eucli_00427.csv,0.999,1.0,0.1111,0.2,100.0,65,0.2
scores_eucli_00428.csv,0.999,1.0,0.1111,0.2,100.0,61,0.2
scores_eucli_00429.csv,0.9994,1.0,0.4444,0.6154,100.0,61,0.6154
scores_eucli_00430.csv,0.999,1.0,0.1111,0.2,100.0,59,0.2
scores_eucli_00431.csv,0.999,1.0,0.1111,0.2,100.0,49,0.2
scores_eucli_00432.csv,0.9992,1.0,0.3333,0.5,100.0,77,0.5
scores_eucli_00433.csv,0.9994,1.0,0.4444,0.6154,100.0,80,0.6154
scores_eucli_00434.csv,0.9991,1.0,0.2222,0.3636,100.0,68,0.3636
scores_eucli_00435.csv,0.9991,1.0,0.2222,0.3636,100.0,57,0.3636
scores_eucli_00436.csv,0.9991,1.0,0.2222,0.3636,100.0,72,0.3636
scores_eucli_00437.csv,0.999,1.0,0.1111,0.2,100.0,72,0.2
scores_eucli_00438.csv,0.9992,1.0,0.3333,0.5,100.0,77,0.5
scores_eucli_00439.csv,0.999,1.0,0.1111,0.2,100.0,81,0.2
scores_eucli_00440.csv,0.9992,1.0,0.3333,0.5,100.0,51,0.5
scores_eucli_00441.csv,0.9992,1.0,0.3333,0.5,100.0,69,0.5
scores_eucli_00442.csv,0.999,1.0,0.1111,0.2,100.0,65,0.2
scores_eucli_00443.csv,0.9992,1.0,0.3333,0.5,100.0,76,0.5
scores_eucli_00444.csv,0.9994,1.0,0.4444,0.6154,100.0,80,0.6154
scores_eucli_00445.csv,0.9992,1.0,0.3333,0.5,100.0,71,0.5
scores_eucli_00446.csv,0.9981,0.2,0.2222,0.2105,100.0,63,0.2105
scores_eucli_00447.csv,0.9991,1.0,0.2222,0.3636,100.0,64,0.3636
scores_eucli_00448.csv,0.9994,1.0,0.4444,0.6154,100.0,35,0.6154
scores_eucli_00449.csv,0.999,1.0,0.1111,0.2,100.0,45,0.2
scores_eucli_00450.csv,0.9992,1.0,0.3333,0.5,100.0,72,0.5
scores_eucli_00451.csv,0.9992,1.0,0.3333,0.5,100.0,78,0.5
scores_eucli_00452.csv,0.999,1.0,0.1111,0.2,100.0,58,0.2
scores_eucli_00453.csv,0.9991,1.0,0.2222,0.3636,100.0,74,0.3636
scores_eucli_00454.csv,0.9991,1.0,0.2222,0.3636,100.0,77,0.3636
scores_eucli_00455.csv,0.999,0.5714,0.4444,0.5,100.0,73,0.5
scores_eucli_00456.csv,0.9991,1.0,0.2222,0.3636,100.0,71,0.3636
scores_eucli_00457.csv,0.9991,1.0,0.2222,0.3636,100.0,80,0.3636
scores_eucli_00458.csv,0.9991,1.0,0.2222,0.3636,100.0,52,0.3636
scores_eucli_00460.csv,0.999,1.0,0.1111,0.2,100.0,72,0.2
scores_eucli_00461.csv,0.999,1.0,0.1111,0.2,100.0,65,0.2
scores_eucli_00462.csv,0.999,1.0,0.1111,0.2,100.0,72,0.2
scores_eucli_00463.csv,0.9988,0.4286,0.3333,0.375,100.0,64,0.375
scores_eucli_00464.csv,0.999,1.0,0.1111,0.2,100.0,50,0.2
scores_eucli_00465.csv,0.999,1.0,0.1111,0.2,100.0,70,0.2
scores_eucli_00466.csv,0.9992,1.0,0.3333,0.5,100.0,57,0.5
scores_eucli_00467.csv,0.9986,0.3333,0.2222,0.2667,100.0,79,0.2667
scores_eucli_00468.csv,0.9991,1.0,0.125,0.2222,100.0,83,0.2222
scores_eucli_00469.csv,0.9994,1.0,0.4444,0.6154,100.0,46,0.6154
scores_eucli_00470.csv,0.9992,0.7143,0.5556,0.625,100.0,68,0.625
scores_eucli_00471.csv,0.9995,1.0,0.5556,0.7143,100.0,71,0.7143
scores_eucli_00472.csv,0.9994,1.0,0.4444,0.6154,100.0,68,0.6154
scores_eucli_00473.csv,0.9995,1.0,0.5556,0.7143,100.0,74,0.7143
scores_eucli_00474.csv,0.9991,1.0,0.2222,0.3636,100.0,70,0.3636
scores_eucli_00475.csv,0.9994,1.0,0.4444,0.6154,100.0,78,0.6154
scores_eucli_00476.csv,0.9991,1.0,0.2222,0.3636,100.0,50,0.3636
scores_eucli_00477.csv,0.9992,1.0,0.3333,0.5,100.0,29,0.5
scores_eucli_00478.csv,0.9994,1.0,0.4444,0.6154,100.0,45,0.6154
scores_eucli_00479.csv,0.999,1.0,0.1111,0.2,100.0,60,0.2
scores_eucli_00480.csv,0.999,1.0,0.1111,0.2,100.0,64,0.2
scores_eucli_00481.csv,0.999,0.6667,0.2222,0.3333,100.0,74,0.3333
scores_eucli_00482.csv,0.999,1.0,0.1111,0.2,100.0,73,0.2
scores_eucli_00483.csv,0.9992,1.0,0.3333,0.5,100.0,81,0.5
scores_eucli_00484.csv,0.9991,1.0,0.2222,0.3636,100.0,64,0.3636
scores_eucli_00485.csv,0.9991,1.0,0.2222,0.3636,100.0,76,0.3636
scores_eucli_00486.csv,0.9992,1.0,0.3333,0.5,100.0,57,0.5
scores_eucli_00487.csv,0.9994,1.0,0.4444,0.6154,100.0,43,0.6154
scores_eucli_00488.csv,0.999,1.0,0.1111,0.2,100.0,75,0.2
scores_eucli_00489.csv,0.9991,1.0,0.2222,0.3636,100.0,37,0.3636
scores_eucli_00490.csv,0.9982,0.2222,0.2222,0.2222,100.0,78,0.2222
scores_eucli_00491.csv,0.999,1.0,0.1111,0.2,100.0,70,0.2
scores_eucli_00492.csv,0.9979,0.2143,0.3333,0.2609,100.0,69,0.2609
scores_eucli_00493.csv,0.999,1.0,0.1111,0.2,100.0,77,0.2
scores_eucli_00494.csv,0.9992,1.0,0.3333,0.5,100.0,77,0.5
scores_eucli_00495.csv,0.999,1.0,0.1111,0.2,100.0,74,0.2
scores_eucli_00496.csv,0.999,1.0,0.1111,0.2,100.0,68,0.2
scores_eucli_00497.csv,0.9991,1.0,0.2222,0.3636,100.0,44,0.3636
scores_eucli_00498.csv,0.9994,1.0,0.4444,0.6154,100.0,54,0.6154
scores_eucli_00499.csv,0.9986,0.375,0.3333,0.3529,100.0,62,0.3529
scores_eucli_00500.csv,0.999,1.0,0.1111,0.2,100.0,75,0.2
scores_eucli_00501.csv,0.999,1.0,0.1111,0.2,100.0,83,0.2
scores_eucli_00502.csv,0.9995,1.0,0.5556,0.7143,100.0,72,0.7143
scores_eucli_00503.csv,0.9992,1.0,0.3333,0.5,100.0,51,0.5
scores_eucli_00504.csv,0.999,0.5556,0.5556,0.5556,100.0,68,0.5556
scores_eucli_00505.csv,0.999,1.0,0.1111,0.2,100.0,69,0.2
scores_eucli_00506.csv,0.9988,0.4286,0.3333,0.375,100.0,74,0.375
scores_eucli_00507.csv,0.999,1.0,0.1111,0.2,100.0,69,0.2
scores_eucli_00508.csv,0.9994,1.0,0.4444,0.6154,100.0,81,0.6154
scores_eucli_00509.csv,0.9991,1.0,0.2222,0.3636,100.0,70,0.3636
scores_eucli_00510.csv,0.9999,1.0,0.8889,0.9412,100.0,73,0.9412
scores_eucli_00511.csv,0.999,1.0,0.1111,0.2,100.0,70,0.2
scores_eucli_00512.csv,0.9991,1.0,0.2222,0.3636,100.0,80,0.3636
scores_eucli_00513.csv,0.9991,1.0,0.2222,0.3636,100.0,56,0.3636
scores_eucli_00514.csv,0.999,1.0,0.1111,0.2,100.0,84,0.2
scores_eucli_00515.csv,0.999,1.0,0.1111,0.2,100.0,70,0.2
scores_eucli_00516.csv,0.9991,1.0,0.2222,0.3636,100.0,69,0.3636
scores_eucli_00517.csv,0.9994,1.0,0.4444,0.6154,100.0,63,0.6154
scores_eucli_00518.csv,0.9991,1.0,0.2222,0.3636,100.0,74,0.3636
scores_eucli_00519.csv,0.999,0.6,0.3333,0.4286,100.0,66,0.4286
scores_eucli_00520.csv,0.9991,1.0,0.2222,0.3636,100.0,65,0.3636
scores_eucli_00521.csv,0.9992,1.0,0.3333,0.5,100.0,77,0.5
scores_eucli_00522.csv,0.9992,1.0,0.3333,0.5,100.0,63,0.5
scores_eucli_00523.csv,0.9992,1.0,0.3333,0.5,100.0,47,0.5
scores_eucli_00524.csv,0.999,1.0,0.1111,0.2,100.0,74,0.2
scores_eucli_00525.csv,0.9991,1.0,0.2222,0.3636,100.0,78,0.3636
scores_eucli_00526.csv,0.999,1.0,0.1111,0.2,100.0,71,0.2
scores_eucli_00527.csv,0.999,1.0,0.1111,0.2,100.0,66,0.2
scores_eucli_00528.csv,0.999,1.0,0.1111,0.2,100.0,79,0.2
scores_eucli_00529.csv,0.9991,1.0,0.2222,0.3636,100.0,81,0.3636
scores_eucli_00530.csv,0.9991,0.6667,0.4444,0.5333,100.0,74,0.5333
scores_eucli_00531.csv,0.9991,1.0,0.2222,0.3636,100.0,72,0.3636
scores_eucli_00532.csv,0.999,1.0,0.1111,0.2,100.0,83,0.2
scores_eucli_00533.csv,0.999,1.0,0.1111,0.2,100.0,62,0.2
scores_eucli_00534.csv,0.9994,1.0,0.4444,0.6154,100.0,77,0.6154
scores_eucli_00535.csv,0.9992,1.0,0.3333,0.5,100.0,78,0.5
scores_eucli_00536.csv,0.999,1.0,0.1111,0.2,100.0,79,0.2
scores_eucli_00537.csv,0.999,1.0,0.1111,0.2,100.0,61,0.2
scores_eucli_00538.csv,0.9991,1.0,0.2222,0.3636,100.0,67,0.3636
scores_eucli_00539.csv,0.999,1.0,0.1111,0.2,100.0,77,0.2
scores_eucli_00540.csv,0.9991,0.75,0.3333,0.4615,100.0,77,0.4615
scores_eucli_00541.csv,0.9992,1.0,0.3333,0.5,100.0,63,0.5
scores_eucli_00542.csv,0.999,0.6667,0.2222,0.3333,100.0,68,0.3333
scores_eucli_00543.csv,0.9991,1.0,0.2222,0.3636,100.0,53,0.3636
scores_eucli_00544.csv,0.9995,1.0,0.5556,0.7143,100.0,76,0.7143
scores_eucli_00545.csv,0.9991,1.0,0.2222,0.3636,100.0,74,0.3636
scores_eucli_00546.csv,0.9991,1.0,0.2222,0.3636,100.0,76,0.3636
scores_eucli_00547.csv,0.9994,1.0,0.4444,0.6154,100.0,71,0.6154
scores_eucli_00548.csv,0.9989,0.5,0.3333,0.4,100.0,64,0.4
scores_eucli_00549.csv,0.9991,1.0,0.2222,0.3636,100.0,58,0.3636
scores_eucli_00550.csv,0.9995,1.0,0.5556,0.7143,100.0,69,0.7143
scores_eucli_00551.csv,0.9992,1.0,0.3333,0.5,100.0,75,0.5
scores_eucli_00552.csv,0.9992,1.0,0.3333,0.5,100.0,70,0.5
scores_eucli_00553.csv,0.9992,1.0,0.3333,0.5,100.0,78,0.5
scores_eucli_00554.csv,0.9991,1.0,0.2222,0.3636,100.0,77,0.3636
scores_eucli_00555.csv,0.9992,1.0,0.3333,0.5,100.0,78,0.5
scores_eucli_00556.csv,0.9991,1.0,0.2222,0.3636,100.0,66,0.3636
scores_eucli_00557.csv,0.999,1.0,0.1111,0.2,100.0,66,0.2
scores_eucli_00558.csv,0.9991,1.0,0.2222,0.3636,100.0,65,0.3636
scores_eucli_00559.csv,0.9992,0.7143,0.5556,0.625,100.0,74,0.625
scores_eucli_00560.csv,0.9991,1.0,0.2222,0.3636,100.0,73,0.3636
scores_eucli_00561.csv,0.999,1.0,0.1111,0.2,100.0,71,0.2
scores_eucli_00562.csv,0.999,1.0,0.1111,0.2,100.0,75,0.2
scores_eucli_00563.csv,0.999,1.0,0.1111,0.2,100.0,78,0.2
scores_eucli_00564.csv,0.9989,0.5,0.1111,0.1818,100.0,74,0.1818
scores_eucli_00565.csv,0.9992,1.0,0.3333,0.5,100.0,65,0.5
scores_eucli_00566.csv,0.9994,1.0,0.4444,0.6154,100.0,56,0.6154
scores_eucli_00567.csv,0.9991,1.0,0.2222,0.3636,100.0,59,0.3636
scores_eucli_00574.csv,0.9991,1.0,0.2222,0.3636,100.0,66,0.3636
scores_eucli_00575.csv,0.9992,1.0,0.3333,0.5,100.0,65,0.5
scores_eucli_00576.csv,0.9991,1.0,0.2222,0.3636,100.0,66,0.3636
scores_eucli_00577.csv,0.999,0.5556,0.5556,0.5556,100.0,70,0.5556
scores_eucli_00578.csv,0.9992,1.0,0.3333,0.5,100.0,75,0.5
scores_eucli_00580.csv,0.9992,1.0,0.3333,0.5,100.0,64,0.5
scores_eucli_00582.csv,0.9992,1.0,0.3333,0.5,100.0,69,0.5
scores_eucli_00583.csv,0.9992,1.0,0.3333,0.5,100.0,79,0.5
scores_eucli_00584.csv,0.9991,1.0,0.2222,0.3636,100.0,77,0.3636
scores_eucli_00586.csv,0.9984,0.3333,0.4444,0.381,100.0,67,0.381
scores_eucli_00587.csv,0.9992,1.0,0.3333,0.5,100.0,81,0.5
scores_eucli_00588.csv,0.9986,0.4167,0.5556,0.4762,100.0,78,0.4762
scores_eucli_00589.csv,0.9992,1.0,0.3333,0.5,100.0,66,0.5
scores_eucli_00590.csv,0.9991,1.0,0.2222,0.3636,100.0,77,0.3636
scores_eucli_00591.csv,0.999,1.0,0.1111,0.2,100.0,71,0.2
scores_eucli_00592.csv,0.999,1.0,0.1111,0.2,100.0,51,0.2
scores_eucli_00593.csv,0.9994,1.0,0.4444,0.6154,100.0,68,0.6154
scores_eucli_00594.csv,0.9992,1.0,0.3333,0.5,100.0,75,0.5
scores_eucli_00595.csv,0.9992,1.0,0.3333,0.5,100.0,53,0.5
scores_eucli_00596.csv,0.9991,1.0,0.2222,0.3636,100.0,65,0.3636
scores_eucli_00597.csv,0.9992,1.0,0.3333,0.5,100.0,77,0.5
scores_eucli_00598.csv,0.9991,1.0,0.2222,0.3636,100.0,75,0.3636
scores_eucli_00599.csv,0.9991,1.0,0.2222,0.3636,100.0,50,0.3636
scores_eucli_00600.csv,0.9991,1.0,0.2222,0.3636,100.0,73,0.3636
scores_eucli_00601.csv,0.9991,1.0,0.2222,0.3636,100.0,72,0.3636
scores_eucli_00602.csv,0.999,1.0,0.1111,0.2,100.0,76,0.2
scores_eucli_00603.csv,0.9992,1.0,0.3333,0.5,100.0,67,0.5
scores_eucli_00604.csv,0.9992,1.0,0.3333,0.5,100.0,65,0.5
scores_eucli_00605.csv,0.9992,1.0,0.3333,0.5,100.0,62,0.5
scores_eucli_00606.csv,0.999,1.0,0.1111,0.2,100.0,54,0.2
scores_eucli_00607.csv,0.9992,1.0,0.3333,0.5,100.0,80,0.5
scores_eucli_00610.csv,0.9994,1.0,0.2857,0.4444,100.0,79,0.4444
scores_eucli_00611.csv,0.9991,1.0,0.2222,0.3636,100.0,79,0.3636
scores_eucli_00612.csv,0.999,1.0,0.1111,0.2,100.0,81,0.2
scores_eucli_00613.csv,0.9992,1.0,0.3333,0.5,100.0,66,0.5
scores_eucli_00614.csv,0.9994,1.0,0.4444,0.6154,100.0,59,0.6154
scores_eucli_00615.csv,0.9994,1.0,0.4444,0.6154,100.0,78,0.6154
scores_eucli_00616.csv,0.9991,1.0,0.2222,0.3636,100.0,61,0.3636
scores_eucli_00617.csv,0.999,0.6667,0.2222,0.3333,100.0,63,0.3333
scores_eucli_00618.csv,0.9989,0.5,0.3333,0.4,100.0,45,0.4
scores_eucli_00619.csv,0.999,0.6,0.3333,0.4286,100.0,76,0.4286
scores_eucli_00620.csv,0.9991,1.0,0.2222,0.3636,100.0,57,0.3636
scores_eucli_00621.csv,0.999,1.0,0.1111,0.2,100.0,49,0.2
scores_eucli_00622.csv,0.999,1.0,0.1111,0.2,100.0,73,0.2
scores_eucli_00623.csv,0.9992,1.0,0.3333,0.5,100.0,70,0.5
scores_eucli_00624.csv,0.999,1.0,0.1111,0.2,100.0,57,0.2
scores_eucli_00625.csv,0.9992,1.0,0.3333,0.5,100.0,69,0.5
scores_eucli_00626.csv,0.9992,1.0,0.3333,0.5,100.0,70,0.5
scores_eucli_00627.csv,0.9989,0.5,0.2222,0.3077,100.0,65,0.3077
scores_eucli_00628.csv,0.9991,1.0,0.2222,0.3636,100.0,68,0.3636
scores_eucli_00629.csv,0.9991,0.6667,0.4444,0.5333,100.0,69,0.5333
scores_eucli_00630.csv,0.9994,1.0,0.4444,0.6154,100.0,54,0.6154
scores_eucli_00631.csv,0.9988,0.4286,0.3333,0.375,100.0,55,0.375
scores_eucli_00632.csv,0.999,1.0,0.1111,0.2,100.0,42,0.2
scores_eucli_00633.csv,0.9995,1.0,0.5556,0.7143,100.0,54,0.7143
scores_eucli_00634.csv,0.999,1.0,0.1111,0.2,100.0,64,0.2
scores_eucli_00635.csv,0.9991,1.0,0.2222,0.3636,100.0,52,0.3636
scores_eucli_00636.csv,0.9994,1.0,0.4444,0.6154,100.0,63,0.6154
scores_eucli_00637.csv,0.999,1.0,0.1111,0.2,100.0,65,0.2
scores_eucli_00638.csv,0.9991,1.0,0.2222,0.3636,100.0,65,0.3636
scores_eucli_00639.csv,0.999,1.0,0.1111,0.2,100.0,63,0.2
scores_eucli_00640.csv,0.9992,1.0,0.3333,0.5,100.0,70,0.5
scores_eucli_00641.csv,0.9995,1.0,0.5556,0.7143,100.0,77,0.7143
scores_eucli_00642.csv,0.9991,1.0,0.2222,0.3636,100.0,80,0.3636
scores_eucli_00643.csv,0.9976,0.2222,0.4444,0.2963,100.0,36,0.2963
scores_eucli_00644.csv,0.9992,1.0,0.3333,0.5,100.0,69,0.5
scores_eucli_00645.csv,0.9994,1.0,0.4444,0.6154,100.0,53,0.6154
scores_eucli_00646.csv,0.9991,1.0,0.2222,0.3636,100.0,84,0.3636
scores_eucli_00647.csv,0.9994,1.0,0.4444,0.6154,100.0,74,0.6154
scores_eucli_00648.csv,0.9991,1.0,0.2222,0.3636,100.0,74,0.3636
scores_eucli_00649.csv,0.999,1.0,0.1111,0.2,100.0,84,0.2
scores_eucli_00650.csv,0.9991,1.0,0.2222,0.3636,100.0,63,0.3636
scores_eucli_00651.csv,0.9988,0.4286,0.3333,0.375,100.0,79,0.375
scores_eucli_00652.csv,0.9992,0.8,0.4444,0.5714,100.0,61,0.5714
scores_eucli_00653.csv,0.9995,1.0,0.5556,0.7143,100.0,76,0.7143
scores_eucli_00654.csv,0.999,1.0,0.1111,0.2,100.0,71,0.2
scores_eucli_00655.csv,0.9994,1.0,0.4444,0.6154,100.0,73,0.6154
scores_eucli_00656.csv,0.9991,1.0,0.2222,0.3636,100.0,76,0.3636
scores_eucli_00657.csv,0.9991,1.0,0.2222,0.3636,100.0,68,0.3636
scores_eucli_00658.csv,0.9992,1.0,0.3333,0.5,100.0,65,0.5
scores_eucli_00659.csv,0.9998,1.0,0.7778,0.875,100.0,76,0.875
scores_eucli_00660.csv,0.9994,1.0,0.4444,0.6154,100.0,54,0.6154
scores_eucli_00661.csv,0.9991,1.0,0.2222,0.3636,100.0,66,0.3636
scores_eucli_00662.csv,0.9991,1.0,0.2222,0.3636,100.0,60,0.3636
scores_eucli_00663.csv,0.9994,1.0,0.4444,0.6154,100.0,66,0.6154
scores_eucli_00664.csv,0.9994,1.0,0.4444,0.6154,100.0,71,0.6154
scores_eucli_00665.csv,0.9991,1.0,0.2222,0.3636,100.0,75,0.3636
scores_eucli_00666.csv,0.9991,1.0,0.2222,0.3636,100.0,77,0.3636
scores_eucli_00667.csv,0.9989,0.5,0.3333,0.4,100.0,78,0.4
scores_eucli_00668.csv,0.999,1.0,0.1111,0.2,100.0,82,0.2
scores_eucli_00669.csv,0.9996,1.0,0.6667,0.8,100.0,79,0.8
scores_eucli_00670.csv,0.999,1.0,0.1111,0.2,100.0,72,0.2
scores_eucli_00671.csv,0.999,1.0,0.1111,0.2,100.0,69,0.2
scores_eucli_00672.csv,0.9992,1.0,0.3333,0.5,100.0,72,0.5
scores_eucli_00673.csv,0.9994,1.0,0.4444,0.6154,100.0,77,0.6154
scores_eucli_00674.csv,0.999,1.0,0.1111,0.2,100.0,75,0.2
scores_eucli_00675.csv,0.9992,1.0,0.3333,0.5,100.0,77,0.5
scores_eucli_00676.csv,0.999,1.0,0.1111,0.2,100.0,72,0.2
scores_eucli_00677.csv,0.9991,1.0,0.2222,0.3636,100.0,38,0.3636
scores_eucli_00678.csv,0.9991,1.0,0.2222,0.3636,100.0,65,0.3636
scores_eucli_00679.csv,0.999,1.0,0.1111,0.2,100.0,63,0.2
scores_eucli_00680.csv,0.9992,1.0,0.3333,0.5,100.0,76,0.5
scores_eucli_00681.csv,0.9991,1.0,0.2222,0.3636,100.0,78,0.3636
scores_eucli_00682.csv,0.9991,1.0,0.2222,0.3636,100.0,72,0.3636
scores_eucli_00683.csv,0.9994,1.0,0.4444,0.6154,100.0,73,0.6154
scores_eucli_00684.csv,0.9994,1.0,0.4444,0.6154,100.0,72,0.6154
scores_eucli_00685.csv,0.9991,1.0,0.2222,0.3636,100.0,68,0.3636
scores_eucli_00686.csv,0.9992,1.0,0.3333,0.5,100.0,74,0.5
scores_eucli_00687.csv,0.9989,0.5,0.2222,0.3077,100.0,70,0.3077
scores_eucli_00688.csv,0.9991,1.0,0.2222,0.3636,100.0,73,0.3636
scores_eucli_00689.csv,0.9994,1.0,0.4444,0.6154,100.0,61,0.6154
scores_eucli_00690.csv,0.9991,1.0,0.2222,0.3636,100.0,65,0.3636
scores_eucli_00691.csv,0.9991,1.0,0.2222,0.3636,100.0,77,0.3636
scores_eucli_00692.csv,0.9992,0.8,0.4444,0.5714,100.0,68,0.5714
scores_eucli_00693.csv,0.9994,1.0,0.4444,0.6154,100.0,74,0.6154
scores_eucli_00694.csv,0.9991,1.0,0.2222,0.3636,100.0,82,0.3636
scores_eucli_00695.csv,0.9991,1.0,0.2222,0.3636,100.0,76,0.3636
scores_eucli_00696.csv,0.9991,1.0,0.2222,0.3636,100.0,80,0.3636
scores_eucli_00697.csv,0.9994,1.0,0.4444,0.6154,100.0,76,0.6154
scores_eucli_00698.csv,0.9991,1.0,0.2222,0.3636,100.0,67,0.3636
scores_eucli_00699.csv,0.999,1.0,0.1111,0.2,100.0,63,0.2
scores_eucli_00700.csv,0.9994,1.0,0.4444,0.6154,100.0,69,0.6154
scores_eucli_00701.csv,0.9994,1.0,0.4444,0.6154,100.0,66,0.6154
scores_eucli_00702.csv,0.9995,1.0,0.5556,0.7143,100.0,74,0.7143
scores_eucli_00703.csv,0.9992,1.0,0.3333,0.5,100.0,73,0.5
scores_eucli_00704.csv,0.9992,1.0,0.3333,0.5,100.0,76,0.5
scores_eucli_00705.csv,0.9991,0.75,0.3333,0.4615,100.0,80,0.4615
scores_eucli_00706.csv,0.9991,1.0,0.2222,0.3636,100.0,74,0.3636
scores_eucli_00707.csv,0.9976,0.2222,0.4444,0.2963,100.0,78,0.2963
scores_eucli_00708.csv,0.9991,0.75,0.3333,0.4615,100.0,81,0.4615
scores_eucli_00709.csv,0.9991,1.0,0.2222,0.3636,100.0,79,0.3636
scores_eucli_00710.csv,0.9998,1.0,0.7778,0.875,100.0,69,0.875
scores_eucli_00711.csv,0.9991,1.0,0.2222,0.3636,100.0,77,0.3636
scores_eucli_00712.csv,0.9992,1.0,0.3333,0.5,100.0,58,0.5
scores_eucli_00713.csv,0.999,1.0,0.1111,0.2,100.0,84,0.2
scores_eucli_00714.csv,0.9992,1.0,0.3333,0.5,100.0,78,0.5
scores_eucli_00715.csv,0.9991,1.0,0.2222,0.3636,100.0,74,0.3636
scores_eucli_00716.csv,0.999,1.0,0.1111,0.2,100.0,81,0.2
scores_eucli_00717.csv,0.9985,0.2857,0.2222,0.25,100.0,77,0.25
scores_eucli_00718.csv,0.9991,1.0,0.2222,0.3636,100.0,82,0.3636
scores_eucli_00719.csv,0.9986,0.3333,0.2222,0.2667,100.0,66,0.2667
scores_eucli_00720.csv,0.999,1.0,0.1111,0.2,100.0,67,0.2
scores_eucli_00721.csv,0.9992,1.0,0.3333,0.5,100.0,76,0.5
scores_eucli_00722.csv,0.9994,1.0,0.4444,0.6154,100.0,62,0.6154
scores_eucli_00723.csv,0.9986,0.3333,0.2222,0.2667,100.0,78,0.2667
scores_eucli_00724.csv,0.9991,0.75,0.3333,0.4615,100.0,74,0.4615
scores_eucli_00725.csv,0.999,1.0,0.1111,0.2,100.0,72,0.2
scores_eucli_00726.csv,0.9989,0.5,0.2222,0.3077,100.0,79,0.3077
scores_eucli_00727.csv,0.9992,0.8,0.4444,0.5714,100.0,71,0.5714
scores_eucli_00728.csv,0.9991,1.0,0.2222,0.3636,100.0,76,0.3636
scores_eucli_00729.csv,0.9992,1.0,0.3333,0.5,100.0,79,0.5
scores_eucli_00730.csv,0.9991,1.0,0.2222,0.3636,100.0,79,0.3636
scores_eucli_00731.csv,0.9992,1.0,0.3333,0.5,100.0,76,0.5
scores_eucli_00732.csv,0.9995,1.0,0.5556,0.7143,100.0,75,0.7143
scores_eucli_00733.csv,0.999,0.6667,0.2222,0.3333,100.0,81,0.3333
scores_eucli_00734.csv,0.9992,1.0,0.3333,0.5,100.0,76,0.5
scores_eucli_00735.csv,0.999,1.0,0.1111,0.2,100.0,62,0.2
scores_eucli_00736.csv,0.999,1.0,0.1111,0.2,100.0,75,0.2
scores_eucli_00737.csv,0.9991,1.0,0.2222,0.3636,100.0,62,0.3636
scores_eucli_00738.csv,0.999,1.0,0.1111,0.2,100.0,72,0.2
scores_eucli_00739.csv,0.9989,0.5,0.3333,0.4,100.0,63,0.4
scores_eucli_00740.csv,0.9992,1.0,0.3333,0.5,100.0,68,0.5
scores_eucli_00741.csv,0.9994,1.0,0.4444,0.6154,100.0,63,0.6154
scores_eucli_00742.csv,0.9994,1.0,0.4444,0.6154,100.0,72,0.6154
scores_eucli_00743.csv,0.999,0.5714,0.4444,0.5,100.0,64,0.5
scores_eucli_00744.csv,0.9995,0.8571,0.6667,0.75,100.0,74,0.75
scores_eucli_00745.csv,0.9992,1.0,0.3333,0.5,100.0,75,0.5
scores_eucli_00746.csv,0.999,1.0,0.1111,0.2,100.0,78,0.2
scores_eucli_00747.csv,0.9992,1.0,0.3333,0.5,100.0,72,0.5
scores_eucli_00748.csv,0.9994,1.0,0.4444,0.6154,100.0,76,0.6154
scores_eucli_00749.csv,0.9992,1.0,0.3333,0.5,100.0,77,0.5
scores_eucli_00750.csv,0.999,1.0,0.1111,0.2,100.0,75,0.2
scores_eucli_00751.csv,0.9991,0.75,0.3333,0.4615,100.0,78,0.4615
scores_eucli_00752.csv,0.9991,1.0,0.2222,0.3636,100.0,65,0.3636
scores_eucli_00753.csv,0.9991,0.6667,0.4444,0.5333,100.0,81,0.5333
scores_eucli_00754.csv,0.9992,1.0,0.3333,0.5,100.0,83,0.5
scores_eucli_00755.csv,0.9995,0.8571,0.6667,0.75,100.0,81,0.75
scores_eucli_00756.csv,0.9991,0.6667,0.4444,0.5333,100.0,80,0.5333
scores_eucli_00757.csv,0.9991,1.0,0.2222,0.3636,100.0,74,0.3636
scores_eucli_00758.csv,0.9991,1.0,0.2222,0.3636,100.0,68,0.3636
scores_eucli_00759.csv,0.9994,1.0,0.4444,0.6154,100.0,79,0.6154
scores_eucli_00760.csv,0.999,1.0,0.1111,0.2,100.0,66,0.2
scores_eucli_00761.csv,0.9991,1.0,0.2222,0.3636,100.0,63,0.3636
scores_eucli_00762.csv,0.9991,1.0,0.2222,0.3636,100.0,74,0.3636
scores_eucli_00763.csv,0.999,1.0,0.1111,0.2,100.0,81,0.2
scores_eucli_00764.csv,0.9991,1.0,0.2222,0.3636,100.0,68,0.3636
scores_eucli_00765.csv,0.9996,1.0,0.6667,0.8,100.0,71,0.8
scores_eucli_00766.csv,0.9991,1.0,0.2222,0.3636,100.0,74,0.3636
scores_eucli_00767.csv,0.9994,1.0,0.4444,0.6154,100.0,68,0.6154
scores_eucli_00768.csv,0.9994,1.0,0.4444,0.6154,100.0,69,0.6154
scores_eucli_00769.csv,0.9991,1.0,0.2222,0.3636,100.0,65,0.3636
scores_eucli_00770.csv,0.9992,1.0,0.3333,0.5,100.0,47,0.5
scores_eucli_00771.csv,0.9991,1.0,0.2222,0.3636,100.0,60,0.3636
scores_eucli_00772.csv,0.9994,1.0,0.4444,0.6154,100.0,56,0.6154
scores_eucli_00773.csv,0.9991,1.0,0.2222,0.3636,100.0,68,0.3636
scores_eucli_00774.csv,0.9991,1.0,0.2222,0.3636,100.0,75,0.3636
scores_eucli_00775.csv,0.9988,0.4286,0.3333,0.375,100.0,66,0.375
scores_eucli_00776.csv,0.999,1.0,0.1111,0.2,100.0,68,0.2
scores_eucli_00777.csv,0.9982,0.2222,0.2222,0.2222,100.0,59,0.2222
scores_eucli_00778.csv,0.999,1.0,0.1111,0.2,100.0,67,0.2
scores_eucli_00779.csv,0.9991,1.0,0.2222,0.3636,100.0,73,0.3636
scores_eucli_00780.csv,0.9991,0.75,0.3333,0.4615,100.0,76,0.4615
scores_eucli_00781.csv,0.9989,0.5,0.5556,0.5263,100.0,71,0.5263
scores_eucli_00782.csv,0.9991,1.0,0.2222,0.3636,100.0,68,0.3636
scores_eucli_00783.csv,0.9992,1.0,0.3333,0.5,100.0,76,0.5
scores_eucli_00784.csv,0.999,0.6,0.3333,0.4286,100.0,71,0.4286
scores_eucli_00785.csv,0.9989,0.5,0.3333,0.4,100.0,70,0.4
scores_eucli_00786.csv,0.9992,0.8,0.4444,0.5714,100.0,64,0.5714
scores_eucli_00787.csv,0.999,1.0,0.1111,0.2,100.0,72,0.2
scores_eucli_00788.csv,0.9985,0.2857,0.2222,0.25,100.0,59,0.25
scores_eucli_00789.csv,0.9991,1.0,0.2222,0.3636,100.0,72,0.3636
scores_eucli_00790.csv,0.9991,1.0,0.2222,0.3636,100.0,51,0.3636
scores_eucli_00791.csv,0.9991,1.0,0.2222,0.3636,100.0,42,0.3636
scores_eucli_00792.csv,0.999,1.0,0.1111,0.2,100.0,80,0.2
scores_eucli_00793.csv,0.9986,0.3333,0.2222,0.2667,100.0,46,0.2667
scores_eucli_00794.csv,0.9991,1.0,0.2222,0.3636,100.0,78,0.3636
scores_eucli_00795.csv,0.9989,0.5,0.3333,0.4,100.0,81,0.4
scores_eucli_00796.csv,0.9992,1.0,0.3333,0.5,100.0,56,0.5
scores_eucli_00797.csv,0.999,1.0,0.1111,0.2,100.0,70,0.2
scores_eucli_00798.csv,0.999,0.6,0.3333,0.4286,100.0,47,0.4286
scores_eucli_00799.csv,0.9991,1.0,0.2222,0.3636,100.0,75,0.3636
scores_eucli_00800.csv,0.9995,1.0,0.5556,0.7143,100.0,81,0.7143
scores_eucli_00801.csv,0.9991,1.0,0.2222,0.3636,100.0,67,0.3636
scores_eucli_00802.csv,0.9991,1.0,0.2222,0.3636,100.0,81,0.3636
scores_eucli_00803.csv,0.9989,0.5,0.3333,0.4,100.0,80,0.4
scores_eucli_00804.csv,0.9995,1.0,0.5556,0.7143,100.0,67,0.7143
scores_eucli_00805.csv,0.9992,0.7143,0.5556,0.625,100.0,63,0.625
scores_eucli_00806.csv,0.999,0.6667,0.2222,0.3333,100.0,70,0.3333
scores_eucli_00807.csv,0.9995,1.0,0.5556,0.7143,100.0,53,0.7143
scores_eucli_00808.csv,0.9994,1.0,0.4444,0.6154,100.0,77,0.6154
scores_eucli_00809.csv,0.999,1.0,0.1111,0.2,100.0,70,0.2
scores_eucli_00810.csv,0.9994,1.0,0.4444,0.6154,100.0,81,0.6154
scores_eucli_00811.csv,0.998,0.3478,0.8889,0.5,100.0,18,0.5
scores_eucli_00812.csv,0.999,1.0,0.1111,0.2,100.0,80,0.2
scores_eucli_00813.csv,0.999,1.0,0.1111,0.2,100.0,83,0.2
scores_eucli_00814.csv,0.9995,1.0,0.5556,0.7143,100.0,74,0.7143
scores_eucli_00815.csv,0.9994,1.0,0.4444,0.6154,100.0,71,0.6154
scores_eucli_00816.csv,0.999,0.6,0.3333,0.4286,100.0,81,0.4286
scores_eucli_00817.csv,0.9994,1.0,0.4444,0.6154,100.0,74,0.6154
scores_eucli_00818.csv,0.9992,1.0,0.3333,0.5,100.0,60,0.5
scores_eucli_00819.csv,0.9996,1.0,0.6667,0.8,100.0,67,0.8
scores_eucli_00820.csv,0.9992,1.0,0.3333,0.5,100.0,70,0.5
scores_eucli_00821.csv,0.9991,1.0,0.2222,0.3636,100.0,74,0.3636
scores_eucli_00822.csv,0.999,0.5714,0.4444,0.5,100.0,62,0.5
scores_eucli_00823.csv,0.9991,1.0,0.2222,0.3636,100.0,65,0.3636
scores_eucli_00824.csv,0.9991,1.0,0.2222,0.3636,100.0,70,0.3636
scores_eucli_00825.csv,0.9991,1.0,0.2222,0.3636,100.0,62,0.3636
scores_eucli_00826.csv,0.9994,1.0,0.4444,0.6154,100.0,73,0.6154
scores_eucli_00827.csv,0.9991,1.0,0.2222,0.3636,100.0,70,0.3636
scores_eucli_00828.csv,0.9995,1.0,0.5556,0.7143,100.0,62,0.7143
scores_eucli_00829.csv,0.9992,1.0,0.3333,0.5,100.0,78,0.5
scores_eucli_00830.csv,0.9994,1.0,0.4444,0.6154,100.0,78,0.6154
scores_eucli_00831.csv,0.9992,1.0,0.3333,0.5,100.0,79,0.5
scores_eucli_00832.csv,0.9991,1.0,0.2222,0.3636,100.0,76,0.3636
scores_eucli_00833.csv,0.999,1.0,0.1111,0.2,100.0,66,0.2
scores_eucli_00834.csv,0.9991,1.0,0.2222,0.3636,100.0,74,0.3636
scores_eucli_00835.csv,0.999,1.0,0.1111,0.2,100.0,66,0.2
scores_eucli_00836.csv,0.999,1.0,0.1111,0.2,100.0,73,0.2
scores_eucli_00837.csv,0.999,1.0,0.1111,0.2,100.0,64,0.2
scores_eucli_00838.csv,0.999,1.0,0.1111,0.2,100.0,74,0.2
scores_eucli_00839.csv,0.9992,1.0,0.3333,0.5,100.0,66,0.5
scores_eucli_00840.csv,0.9994,1.0,0.4444,0.6154,100.0,77,0.6154
scores_eucli_00841.csv,0.9991,1.0,0.2222,0.3636,100.0,49,0.3636
scores_eucli_00842.csv,0.9992,1.0,0.3333,0.5,100.0,72,0.5
scores_eucli_00843.csv,0.9994,1.0,0.4444,0.6154,100.0,82,0.6154
scores_eucli_00844.csv,0.9992,1.0,0.3333,0.5,100.0,72,0.5
scores_eucli_00845.csv,0.999,1.0,0.1111,0.2,100.0,73,0.2
scores_eucli_00846.csv,0.9991,1.0,0.2222,0.3636,100.0,74,0.3636
scores_eucli_00847.csv,0.9994,1.0,0.4444,0.6154,100.0,76,0.6154
scores_eucli_00848.csv,0.9991,1.0,0.2222,0.3636,100.0,66,0.3636
scores_eucli_00849.csv,0.9991,1.0,0.2222,0.3636,100.0,77,0.3636
scores_eucli_00850.csv,0.9992,1.0,0.3333,0.5,100.0,70,0.5
scores_eucli_00851.csv,0.998,0.1818,0.2222,0.2,100.0,81,0.2
scores_eucli_00852.csv,0.9991,1.0,0.2222,0.3636,100.0,68,0.3636
scores_eucli_00853.csv,0.9994,0.8333,0.5556,0.6667,100.0,75,0.6667
scores_eucli_00854.csv,0.999,1.0,0.1111,0.2,100.0,67,0.2
scores_eucli_00855.csv,0.9995,1.0,0.5556,0.7143,100.0,77,0.7143
scores_eucli_00856.csv,0.9991,0.75,0.3333,0.4615,100.0,70,0.4615
scores_eucli_00857.csv,0.9994,1.0,0.4444,0.6154,100.0,71,0.6154
scores_eucli_00858.csv,0.9995,1.0,0.5556,0.7143,100.0,80,0.7143
scores_eucli_00859.csv,0.9992,1.0,0.3333,0.5,100.0,60,0.5
scores_eucli_00860.csv,0.9991,1.0,0.2222,0.3636,100.0,68,0.3636
scores_eucli_00861.csv,0.9992,1.0,0.3333,0.5,100.0,53,0.5
scores_eucli_00862.csv,0.999,1.0,0.1111,0.2,100.0,78,0.2
scores_eucli_00863.csv,0.9991,1.0,0.2222,0.3636,100.0,78,0.3636
scores_eucli_00864.csv,0.9992,1.0,0.3333,0.5,100.0,71,0.5
scores_eucli_00865.csv,0.9994,1.0,0.4444,0.6154,100.0,63,0.6154
scores_eucli_00866.csv,0.999,1.0,0.1111,0.2,100.0,69,0.2
scores_eucli_00867.csv,0.9992,1.0,0.3333,0.5,100.0,79,0.5
scores_eucli_00868.csv,0.9981,0.2857,0.4444,0.3478,100.0,78,0.3478
scores_eucli_00869.csv,0.9994,1.0,0.4444,0.6154,100.0,62,0.6154
scores_eucli_00870.csv,0.9992,0.8,0.4444,0.5714,100.0,44,0.5714
scores_eucli_00871.csv,0.9994,1.0,0.4444,0.6154,100.0,54,0.6154
scores_eucli_00872.csv,0.9995,1.0,0.5556,0.7143,100.0,63,0.7143
scores_eucli_00873.csv,0.999,0.6,0.3333,0.4286,100.0,79,0.4286
scores_eucli_00874.csv,0.9994,1.0,0.4444,0.6154,100.0,66,0.6154
scores_eucli_00875.csv,0.9992,1.0,0.3333,0.5,100.0,68,0.5
scores_eucli_00876.csv,0.9992,1.0,0.3333,0.5,100.0,67,0.5
scores_eucli_00877.csv,0.9992,1.0,0.3333,0.5,100.0,68,0.5
scores_eucli_00878.csv,0.999,1.0,0.1111,0.2,100.0,75,0.2
scores_eucli_00879.csv,0.9995,1.0,0.5556,0.7143,100.0,56,0.7143
scores_eucli_00880.csv,0.9992,1.0,0.3333,0.5,100.0,57,0.5
scores_eucli_00881.csv,0.9995,1.0,0.5556,0.7143,100.0,83,0.7143
scores_eucli_00882.csv,0.9992,1.0,0.3333,0.5,100.0,39,0.5
scores_eucli_00883.csv,0.9994,1.0,0.4444,0.6154,100.0,76,0.6154
scores_eucli_00884.csv,0.999,1.0,0.1111,0.2,100.0,71,0.2
scores_eucli_00885.csv,0.9994,1.0,0.4444,0.6154,100.0,67,0.6154
scores_eucli_00886.csv,0.9991,1.0,0.2222,0.3636,100.0,76,0.3636
scores_eucli_00887.csv,0.999,1.0,0.1111,0.2,100.0,80,0.2
scores_eucli_00888.csv,0.9994,1.0,0.4444,0.6154,100.0,72,0.6154
scores_eucli_00889.csv,0.9994,1.0,0.4444,0.6154,100.0,60,0.6154
scores_eucli_00890.csv,0.999,0.6,0.3333,0.4286,100.0,80,0.4286
scores_eucli_00891.csv,0.9994,0.8333,0.5556,0.6667,100.0,67,0.6667
scores_eucli_00892.csv,0.9991,1.0,0.2222,0.3636,100.0,71,0.3636
scores_eucli_00893.csv,0.9991,1.0,0.2222,0.3636,100.0,58,0.3636
scores_eucli_00894.csv,0.999,1.0,0.1111,0.2,100.0,77,0.2
scores_eucli_00895.csv,0.9996,1.0,0.6667,0.8,100.0,82,0.8
scores_eucli_00896.csv,0.9989,0.5,0.5556,0.5263,100.0,65,0.5263
scores_eucli_00897.csv,0.999,0.6,0.3333,0.4286,100.0,53,0.4286
scores_eucli_00898.csv,0.999,1.0,0.1111,0.2,100.0,74,0.2
scores_eucli_00899.csv,0.9994,0.8333,0.5556,0.6667,100.0,74,0.6667
scores_eucli_00900.csv,0.9991,1.0,0.2222,0.3636,100.0,80,0.3636
scores_eucli_00901.csv,0.9992,1.0,0.3333,0.5,100.0,76,0.5
scores_eucli_00902.csv,0.9994,1.0,0.4444,0.6154,100.0,76,0.6154
scores_eucli_00903.csv,0.9992,1.0,0.3333,0.5,100.0,83,0.5
scores_eucli_00904.csv,0.9992,1.0,0.3333,0.5,100.0,77,0.5
scores_eucli_00905.csv,0.9994,1.0,0.4444,0.6154,100.0,71,0.6154
scores_eucli_00906.csv,0.9989,0.5,0.2222,0.3077,100.0,75,0.3077
scores_eucli_00907.csv,0.999,0.6667,0.2222,0.3333,100.0,78,0.3333
scores_eucli_00908.csv,0.9992,1.0,0.3333,0.5,100.0,76,0.5
scores_eucli_00909.csv,0.999,1.0,0.1111,0.2,100.0,68,0.2
scores_eucli_00910.csv,0.9992,1.0,0.3333,0.5,100.0,76,0.5
scores_eucli_00911.csv,0.9992,1.0,0.3333,0.5,100.0,71,0.5
scores_eucli_00912.csv,0.9994,1.0,0.4444,0.6154,100.0,68,0.6154
scores_eucli_00913.csv,0.9991,1.0,0.2222,0.3636,100.0,54,0.3636
scores_eucli_00914.csv,0.9991,0.75,0.3333,0.4615,100.0,63,0.4615
scores_eucli_00915.csv,0.999,1.0,0.1111,0.2,100.0,69,0.2
scores_eucli_00916.csv,0.9994,1.0,0.4444,0.6154,100.0,76,0.6154
scores_eucli_00917.csv,0.999,1.0,0.1111,0.2,100.0,80,0.2
scores_eucli_00918.csv,0.9991,0.75,0.3333,0.4615,100.0,84,0.4615
scores_eucli_00919.csv,0.9992,1.0,0.3333,0.5,100.0,73,0.5
scores_eucli_00920.csv,0.9994,1.0,0.4444,0.6154,100.0,77,0.6154
scores_eucli_00921.csv,0.9992,1.0,0.3333,0.5,100.0,68,0.5
scores_eucli_00922.csv,0.999,1.0,0.1111,0.2,100.0,72,0.2
scores_eucli_00923.csv,0.9985,0.2857,0.2222,0.25,100.0,64,0.25
scores_eucli_00924.csv,0.9992,1.0,0.3333,0.5,100.0,82,0.5
scores_eucli_00925.csv,0.9994,1.0,0.4444,0.6154,100.0,73,0.6154
scores_eucli_00926.csv,0.9995,1.0,0.5556,0.7143,100.0,39,0.7143
scores_eucli_00927.csv,0.9991,1.0,0.2222,0.3636,100.0,75,0.3636
scores_eucli_00928.csv,0.9992,1.0,0.3333,0.5,100.0,60,0.5
scores_eucli_00929.csv,0.9994,1.0,0.4444,0.6154,100.0,60,0.6154
scores_eucli_00930.csv,0.9991,1.0,0.2222,0.3636,100.0,75,0.3636
scores_eucli_00931.csv,0.9992,1.0,0.3333,0.5,100.0,63,0.5
scores_eucli_00932.csv,0.9992,1.0,0.3333,0.5,100.0,75,0.5
scores_eucli_00933.csv,0.9995,1.0,0.5556,0.7143,100.0,59,0.7143
scores_eucli_00934.csv,0.999,1.0,0.1111,0.2,100.0,83,0.2
scores_eucli_00935.csv,0.999,1.0,0.1111,0.2,100.0,78,0.2
scores_eucli_00936.csv,0.999,1.0,0.1111,0.2,100.0,83,0.2
scores_eucli_00937.csv,0.9991,1.0,0.2222,0.3636,100.0,78,0.3636
scores_eucli_00938.csv,0.9992,1.0,0.3333,0.5,100.0,80,0.5
scores_eucli_00939.csv,0.9992,1.0,0.3333,0.5,100.0,50,0.5
scores_eucli_00940.csv,0.9981,0.2,0.2222,0.2105,100.0,67,0.2105
scores_eucli_00941.csv,0.9992,1.0,0.3333,0.5,100.0,57,0.5
scores_eucli_00942.csv,0.9995,1.0,0.5556,0.7143,100.0,57,0.7143
scores_eucli_00943.csv,0.999,1.0,0.1111,0.2,100.0,87,0.2
scores_eucli_00944.csv,0.9991,1.0,0.2222,0.3636,100.0,66,0.3636
scores_eucli_00945.csv,0.9994,1.0,0.4444,0.6154,100.0,72,0.6154
scores_eucli_00946.csv,0.9991,0.75,0.3333,0.4615,100.0,78,0.4615
scores_eucli_00947.csv,0.999,1.0,0.1111,0.2,100.0,78,0.2
scores_eucli_00948.csv,0.9991,0.6667,0.4444,0.5333,100.0,77,0.5333
scores_eucli_00949.csv,0.9991,1.0,0.2222,0.3636,100.0,78,0.3636
scores_eucli_00950.csv,0.9994,1.0,0.4444,0.6154,100.0,65,0.6154
scores_eucli_00951.csv,0.999,1.0,0.1111,0.2,100.0,54,0.2
scores_eucli_00952.csv,0.9991,1.0,0.2222,0.3636,100.0,78,0.3636
scores_eucli_00953.csv,0.9992,1.0,0.3333,0.5,100.0,43,0.5
scores_eucli_00954.csv,0.9992,1.0,0.3333,0.5,100.0,73,0.5
scores_eucli_00955.csv,0.999,1.0,0.1111,0.2,100.0,72,0.2
scores_eucli_00956.csv,0.9991,1.0,0.2222,0.3636,100.0,81,0.3636
scores_eucli_00957.csv,0.999,0.6,0.3333,0.4286,100.0,75,0.4286
scores_eucli_00958.csv,0.9992,0.7143,0.5556,0.625,100.0,81,0.625
scores_eucli_00959.csv,0.9995,1.0,0.5556,0.7143,100.0,51,0.7143
scores_eucli_00960.csv,0.9992,1.0,0.3333,0.5,100.0,79,0.5
scores_eucli_00961.csv,0.999,1.0,0.1111,0.2,100.0,76,0.2
scores_eucli_00962.csv,0.999,1.0,0.1111,0.2,100.0,70,0.2
scores_eucli_00963.csv,0.999,0.6,0.3333,0.4286,100.0,81,0.4286
scores_eucli_00964.csv,0.9991,0.6667,0.4444,0.5333,100.0,80,0.5333
scores_eucli_00965.csv,0.9991,0.6667,0.4444,0.5333,100.0,79,0.5333
scores_eucli_00966.csv,0.9991,1.0,0.2222,0.3636,100.0,68,0.3636
scores_eucli_00967.csv,0.999,0.6667,0.2222,0.3333,100.0,76,0.3333
scores_eucli_00968.csv,0.9992,1.0,0.3333,0.5,100.0,80,0.5
scores_eucli_00969.csv,0.999,1.0,0.1111,0.2,100.0,70,0.2
scores_eucli_00970.csv,0.9994,1.0,0.4444,0.6154,100.0,71,0.6154
scores_eucli_00971.csv,0.9991,1.0,0.2222,0.3636,100.0,61,0.3636
scores_eucli_00972.csv,0.9992,0.8,0.4444,0.5714,100.0,78,0.5714
scores_eucli_00973.csv,0.9991,1.0,0.2222,0.3636,100.0,80,0.3636
scores_eucli_00974.csv,0.9994,1.0,0.4444,0.6154,100.0,79,0.6154
scores_eucli_00975.csv,0.9992,0.8,0.4444,0.5714,100.0,80,0.5714
scores_eucli_00976.csv,0.9994,1.0,0.4444,0.6154,100.0,63,0.6154
scores_eucli_00977.csv,0.9991,1.0,0.2222,0.3636,100.0,71,0.3636
scores_eucli_00978.csv,0.9994,1.0,0.4444,0.6154,100.0,68,0.6154
scores_eucli_00979.csv,0.9991,1.0,0.2222,0.3636,100.0,66,0.3636
scores_eucli_00980.csv,0.9991,1.0,0.2222,0.3636,100.0,72,0.3636
scores_eucli_00981.csv,0.9991,1.0,0.2222,0.3636,100.0,75,0.3636
scores_eucli_00982.csv,0.998,0.1818,0.2222,0.2,100.0,72,0.2
scores_eucli_00983.csv,0.9992,0.7143,0.5556,0.625,100.0,74,0.625
scores_eucli_00984.csv,0.999,1.0,0.1111,0.2,100.0,72,0.2
scores_eucli_00985.csv,0.9986,0.4,0.4444,0.4211,100.0,79,0.4211
scores_eucli_00986.csv,0.9991,1.0,0.2222,0.3636,100.0,64,0.3636
scores_eucli_00987.csv,0.999,1.0,0.1111,0.2,100.0,69,0.2
scores_eucli_00988.csv,0.9986,0.3333,0.2222,0.2667,100.0,74,0.2667
scores_eucli_00989.csv,0.9994,1.0,0.4444,0.6154,100.0,65,0.6154
scores_eucli_00990.csv,0.9991,1.0,0.2222,0.3636,100.0,78,0.3636
scores_eucli_00991.csv,0.999,0.6667,0.2222,0.3333,100.0,73,0.3333
scores_eucli_00992.csv,0.9989,0.5,0.4444,0.4706,100.0,77,0.4706
scores_eucli_00993.csv,0.999,1.0,0.1111,0.2,100.0,73,0.2
scores_eucli_00994.csv,0.9991,1.0,0.2222,0.3636,100.0,63,0.3636
scores_eucli_00995.csv,0.999,1.0,0.1111,0.2,100.0,82,0.2
scores_eucli_00996.csv,0.9994,1.0,0.4444,0.6154,100.0,63,0.6154
scores_eucli_00997.csv,0.9992,1.0,0.3333,0.5,100.0,63,0.5
scores_eucli_00998.csv,0.999,1.0,0.1111,0.2,100.0,78,0.2
scores_eucli_00999.csv,0.9992,1.0,0.3333,0.5,100.0,66,0.5
scores_eucli_01000.csv,0.9992,1.0,0.3333,0.5,100.0,74,0.5
